Nível;Indicador;202005;202006;202007;202008;202009;202010;202011;Unidade
1;População residente;9552;9557;9561;9566;9571;9576;9581;pessoas
1.1;Grupos de idade;;;;;;;;
1.1.1;14 anos ou mais de idade;7623;7620;7611;7624;7632;7635;7646;pessoas
1.1.1.1;Sexo;;;;;;;;
1.1.1.1.1;Homem;;;;;;;;pessoas
1.1.1.1.1.1;Percentual em relação à população residente;;;;;;;;%
1.1.1.1.1.2;Percentual em relação à população de 14 anos ou mais de idade;;;;;;;;%
1.1.1.1.2;Mulher;;;;;;;;pessoas
1.1.1.1.2.1;Percentual em relação à população residente;;;;;;;;%
1.1.1.1.2.2;Percentual em relação à população de 14 anos ou mais de idade;;;;;;;;%
1.1.1.2;Cor ou raça;;;;;;;;
1.1.1.2.1;Branca;;;;;;;;pessoas
1.1.1.2.1.1;Percentual em relação à população residente;;;;;;;;%
1.1.1.2.1.2;Percentual em relação à população de 14 anos ou mais de idade;;;;;;;;%
1.1.1.2.2;Preta ou parda;;;;;;;;pessoas
1.1.1.2.2.1;Percentual em relação à população residente;;;;;;;;%
1.1.1.2.2.2;Percentual em relação à população de 14 anos ou mais de idade;;;;;;;;%
1.1.1.3;Grupos de idade;;;;;;;;
1.1.1.3.1;14 a 29 anos;;;;;;;;pessoas
1.1.1.3.1.1;Percentual em relação à população residente;;;;;;;;%
1.1.1.3.1.2;Percentual em relação à população de 14 anos ou mais de idade;;;;;;;;%
1.1.1.3.2;30 a 49 anos;;;;;;;;pessoas
1.1.1.3.2.1;Percentual em relação à população residente;;;;;;;;%
1.1.1.3.2.2;Percentual em relação à população de 14 anos ou mais de idade;;;;;;;;%
1.1.1.3.3;50 a 59 anos;;;;;;;;pessoas
1.1.1.3.3.1;Percentual em relação à população residente;;;;;;;;%
1.1.1.3.3.2;Percentual em relação à população de 14 anos ou mais de idade;;;;;;;;%
1.1.1.3.4;60 anos ou mais;;;;;;;;pessoas
1.1.1.3.4.1;Percentual em relação à população residente;;;;;;;;%
1.1.1.3.4.2;Percentual em relação à população de 14 anos ou mais de idade;;;;;;;;%
1.1.1.4;Nível de instrução;;;;;;;;
1.1.1.4.1;Sem instrução ao fundamental incompleto;;;;;;;;pessoas
1.1.1.4.1.1;Percentual em relação à população residente;;;;;;;;%
1.1.1.4.1.2;Percentual em relação à população de 14 anos ou mais de idade;;;;;;;;%
1.1.1.4.2;Fundamental completo ao médio incompleto;;;;;;;;pessoas
1.1.1.4.2.1;Percentual em relação à população residente;;;;;;;;%
1.1.1.4.2.2;Percentual em relação à população de 14 anos ou mais de idade;;;;;;;;%
1.1.1.4.3;Médio completo ao superior incompleto;;;;;;;;pessoas
1.1.1.4.3.1;Percentual em relação à população residente;;;;;;;;%
1.1.1.4.3.2;Percentual em relação à população de 14 anos ou mais de idade;;;;;;;;%
1.1.1.4.4;Superior completo ou pós-graduação;;;;;;;;pessoas
1.1.1.4.4.1;Percentual em relação à população residente;;;;;;;;%
1.1.1.4.4.2;Percentual em relação à população de 14 anos ou mais de idade;;;;;;;;%
2;Trabalho – Pessoas de 14 anos ou mais de idade na força de trabalho;3649;3736;3644;3751;3803;3898;3971;pessoas
2.1;Taxa de participação das pessoas de 14 anos ou mais de idade na força de trabalho;47.9;49.0;47.9;49.2;49.8;51.1;51.9;%
2.1.1;Sexo;;;;;;;;
2.1.1.1;Homem;;;;;;;;%
2.1.1.2;Mulher;;;;;;;;%
2.1.2;Cor ou raça;;;;;;;;
2.1.2.1;Branca;;;;;;;;%
2.1.2.2;Preta ou parda;;;;;;;;%
2.1.3;Grupos de idade;;;;;;;;
2.1.3.1;14 a 29 anos;;;;;;;;%
2.1.3.2;30 a 49 anos;;;;;;;;%
2.1.3.3;50 a 59 anos;;;;;;;;%
2.1.3.4;60 anos ou mais;;;;;;;;%
2.1.4;Nível de instrução;;;;;;;;
2.1.4.1;Sem instrução ao fundamental incompleto;;;;;;;;%
2.1.4.2;Fundamental completo ao médio incompleto;;;;;;;;%
2.1.4.3;Médio completo ao superior incompleto;;;;;;;;%
2.1.4.4;Superior completo ou pós-graduação;;;;;;;;%
2.2;Sexo;;;;;;;;
2.2.1;Homem;;;;;;;;pessoas
2.2.1.1;Percentual em relação à população na força de trabalho;;;;;;;;%
2.2.2;Mulher;;;;;;;;pessoas
2.2.2.1;Percentual em relação à população na força de trabalho;;;;;;;;%
2.3;Cor ou raça;;;;;;;;
2.3.1;Branca;;;;;;;;pessoas
2.3.1.1;Percentual em relação à população na força de trabalho;;;;;;;;%
2.3.2;Preta ou parda;;;;;;;;pessoas
2.3.2.1;Percentual em relação à população na força de trabalho;;;;;;;;%
2.4;Grupos de idade;;;;;;;;
2.4.1;14 a 29 anos;;;;;;;;pessoas
2.4.1.1;Percentual em relação à população na força de trabalho;;;;;;;;%
2.4.2;30 a 49 anos;;;;;;;;pessoas
2.4.2.1;Percentual em relação à população na força de trabalho;;;;;;;;%
2.4.3;50 a 59 anos;;;;;;;;pessoas
2.4.3.1;Percentual em relação à população na força de trabalho;;;;;;;;%
2.4.4;60 anos ou mais;;;;;;;;pessoas
2.4.4.1;Percentual em relação à população na força de trabalho;;;;;;;;%
2.5;Nível de instrução;;;;;;;;
2.5.1;Sem instrução ao fundamental incompleto;;;;;;;;pessoas
2.5.1.1;Percentual em relação à população na força de trabalho;;;;;;;;%
2.5.2;Fundamental completo ao médio incompleto;;;;;;;;pessoas
2.5.2.1;Percentual em relação à população na força de trabalho;;;;;;;;%
2.5.3;Médio completo ao superior incompleto;;;;;;;;pessoas
2.5.3.1;Percentual em relação à população na força de trabalho;;;;;;;;%
2.5.4;Superior completo ou pós-graduação;;;;;;;;pessoas
2.5.4.1;Percentual em relação à população na força de trabalho;;;;;;;;%
2.6;Condição de ocupação;;;;;;;;
2.6.1;Ocupada;3267;3264;3153;3177;3199;3233;3258;pessoas
2.6.1.1;Nível de ocupação;42.9;42.8;41.4;41.7;41.9;42.3;42.6;%
2.6.1.1.1;Sexo;;;;;;;;
2.6.1.1.1.1;Homem;;;;;;;;%
2.6.1.1.1.2;Mulher;;;;;;;;%
2.6.1.1.2;Cor ou raça;;;;;;;;
2.6.1.1.2.1;Branca;;;;;;;;%
2.6.1.1.2.2;Preta ou parda;;;;;;;;%
2.6.1.1.3;Grupos de idade;;;;;;;;
2.6.1.1.3.1;14 a 29 anos;;;;;;;;%
2.6.1.1.3.2;30 a 49 anos;;;;;;;;%
2.6.1.1.3.3;50 a 59 anos;;;;;;;;%
2.6.1.1.3.4;60 anos ou mais;;;;;;;;%
2.6.1.1.4;Nível de instrução;;;;;;;;
2.6.1.1.4.1;Sem instrução ao fundamental incompleto;;;;;;;;%
2.6.1.1.4.2;Fundamental completo ao médio incompleto;;;;;;;;%
2.6.1.1.4.3;Médio completo ao superior incompleto;;;;;;;;%
2.6.1.1.4.4;Superior completo ou pós-graduação;;;;;;;;%
2.6.1.2;Sexo;;;;;;;;
2.6.1.2.1;Homem;;;;;;;;pessoas
2.6.1.2.1.1;Percentual em relação à população ocupada;;;;;;;;%
2.6.1.2.2;Mulher;;;;;;;;pessoas
2.6.1.2.2.1;Percentual em relação à população ocupada;;;;;;;;%
2.6.1.3;Cor ou raça;;;;;;;;
2.6.1.3.1;Branca;;;;;;;;pessoas
2.6.1.3.1.1;Percentual em relação à população ocupada;;;;;;;;%
2.6.1.3.2;Preta ou parda;;;;;;;;pessoas
2.6.1.3.2.1;Percentual em relação à população ocupada;;;;;;;;%
2.6.1.4;Grupos de idade;;;;;;;;
2.6.1.4.1;14 a 29 anos;;;;;;;;pessoas
2.6.1.4.1.1;Percentual em relação à população ocupada;;;;;;;;%
2.6.1.4.2;30 a 49 anos;;;;;;;;pessoas
2.6.1.4.2.1;Percentual em relação à população ocupada;;;;;;;;%
2.6.1.4.3;50 a 59 anos;;;;;;;;pessoas
2.6.1.4.3.1;Percentual em relação à população ocupada;;;;;;;;%
2.6.1.4.4;60 anos ou mais;;;;;;;;pessoas
2.6.1.4.4.1;Percentual em relação à população ocupada;;;;;;;;%
2.6.1.5;Nível de instrução;;;;;;;;
2.6.1.5.1;Sem instrução ao fundamental incompleto;;;;;;;;pessoas
2.6.1.5.1.1;Percentual em relação à população ocupada;;;;;;;;%
2.6.1.5.2;Fundamental completo ao médio incompleto;;;;;;;;pessoas
2.6.1.5.2.1;Percentual em relação à população ocupada;;;;;;;;%
2.6.1.5.3;Médio completo ao superior incompleto;;;;;;;;pessoas
2.6.1.5.3.1;Percentual em relação à população ocupada;;;;;;;;%
2.6.1.5.4;Superior completo ou pós-graduação;;;;;;;;pessoas
2.6.1.5.4.1;Percentual em relação à população ocupada;;;;;;;;%
2.6.1.6;Posição na ocupação e categoria do emprego;;;;;;;;
2.6.1.6.1;Empregado do setor privado com carteira assinada;1018;1039;1037;1024;1031;1029;1033;pessoas
2.6.1.6.1.1;Percentual em relação à população ocupada;31.2;31.8;32.9;32.2;32.2;31.8;31.7;%
2.6.1.6.2;Empregado do setor privado sem carteira assinada;325;352;318;336;363;363;362;pessoas
2.6.1.6.2.1;Percentual em relação à população ocupada;9.9;10.8;10.1;10.6;11.4;11.2;11.1;%
2.6.1.6.3;Trabalhador doméstico com carteira assinada;50;40;49;49;47;45;45;pessoas
2.6.1.6.3.1;Percentual em relação à população ocupada;1.5;1.2;1.6;1.5;1.5;1.4;1.4;%
2.6.1.6.4;Trabalhador doméstico sem carteira assinada;113;109;98;103;98;100;95;pessoas
2.6.1.6.4.1;Percentual em relação à população ocupada;3.4;3.3;3.1;3.2;3.1;3.1;2.9;%
2.6.1.6.5;Empregado do setor público com carteira assinada;115;94;90;83;72;74;71;pessoas
2.6.1.6.5.1;Percentual em relação à população ocupada;3.5;2.9;2.8;2.6;2.3;2.3;2.2;%
2.6.1.6.6;Empregado do setor público sem carteira assinada;139;134;139;139;138;141;142;pessoas
2.6.1.6.6.1;Percentual em relação à população ocupada;4.3;4.1;4.4;4.4;4.3;4.4;4.4;%
2.6.1.6.7;Militar ou servidor estatutário;281;307;314;316;314;322;312;pessoas
2.6.1.6.7.1;Percentual em relação à população ocupada;8.6;9.4;10.0;9.9;9.8;10.0;9.6;%
2.6.1.6.8;Empregador;69;65;67;64;66;63;65;pessoas
2.6.1.6.8.1;Percentual em relação à população ocupada;2.1;2.0;2.1;2.0;2.1;1.9;2.0;%
2.6.1.6.9;Autonômo (Por conta própria);1102;1077;994;1013;1021;1052;1081;pessoas
2.6.1.6.9.1;Percentual em relação à população ocupada;33.7;33.0;31.5;31.9;31.9;32.6;33.2;%
2.6.1.6.10;Trabalhador familiar auxiliar;55;47;48;50;48;45;51;pessoas
2.6.1.6.10.1;Percentual em relação à população ocupada;1.7;1.4;1.5;1.6;1.5;1.4;1.6;%
2.6.1.7;Grupamentos ocupacionais ;;;;;;;;
2.6.1.7.1;Diretores e gerentes;74;77;78;71;71;71;72;pessoas
2.6.1.7.1.1;Percentual em relação à população ocupada;2.3;2.4;2.5;2.3;2.2;2.2;2.2;%
2.6.1.7.2;Profissionais das ciências e intelectuais;402;384;368;378;378;379;370;pessoas
2.6.1.7.2.1;Percentual em relação à população ocupada;12.3;11.8;11.7;11.9;11.8;11.7;11.3;%
2.6.1.7.3;Técnicos e profissionais de nível médio;184;179;173;174;167;175;167;pessoas
2.6.1.7.3.1;Percentual em relação à população ocupada;5.6;5.5;5.5;5.5;5.2;5.4;5.1;%
2.6.1.7.4;Trabalhadores de apoio administrativo;177;184;186;194;191;179;184;pessoas
2.6.1.7.4.1;Percentual em relação à população ocupada;5.4;5.6;5.9;6.1;6.0;5.5;5.6;%
2.6.1.7.5;Trabalhadores dos serviços, vendedores dos comércios e mercados;529;541;501;529;550;550;574;pessoas
2.6.1.7.5.1;Percentual em relação à população ocupada;16.2;16.6;15.9;16.7;17.2;17.0;17.6;%
2.6.1.7.6;Trabalhadores qualificados da agropecuária, florestais, da caça e da pesca;287;251;213;223;223;224;216;pessoas
2.6.1.7.6.1;Percentual em relação à população ocupada;8.8;7.7;6.7;7.0;7.0;6.9;6.6;%
2.6.1.7.7;Trabalhadores qualificados, operários e artesãos da construção, das artes mecânicas e outros ofícios;443;436;440;447;453;454;476;pessoas
2.6.1.7.7.1;Percentual em relação à população ocupada;13.6;13.3;14.0;14.1;14.2;14.0;14.6;%
2.6.1.7.8;Operadores de instalações e máquinas e montadores;228;245;236;239;231;245;249;pessoas
2.6.1.7.8.1;Percentual em relação à população ocupada;7.0;7.5;7.5;7.5;7.2;7.6;7.6;%
2.6.1.7.9;Ocupações elementares;491;489;464;457;452;464;456;pessoas
2.6.1.7.9.1;Percentual em relação à população ocupada;15.0;15.0;14.7;14.4;14.1;14.4;14.0;%
2.6.1.7.10;Membros das forças armadas, policiais e bombeiros militares;36;41;40;34;39;38;35;pessoas
2.6.1.7.10.1;Percentual em relação à população ocupada;1.1;1.2;1.3;1.1;1.2;1.2;1.1;%
2.6.1.7.11;Outras;417;439;455;432;444;452;458;pessoas
2.6.1.7.11.1;Percentual em relação à população ocupada;12.8;13.4;14.4;13.6;13.9;14.0;14.1;%
2.6.1.8;Grupamentos de atividade;;;;;;;;
2.6.1.8.1;Agricultura, pecuária, produção florestal, pesca e aquicultura;329;307;274;265;269;272;267;pessoas
2.6.1.8.1.1;Percentual em relação à população ocupada;10.1;9.4;8.7;8.4;8.4;8.4;8.2;%
2.6.1.8.2;Indústria geral ;273;285;272;274;272;271;276;pessoas
2.6.1.8.2.1;Percentual em relação à população ocupada;8.4;8.7;8.6;8.6;8.5;8.4;8.5;%
2.6.1.8.3;Indústrias de transformação;233;245;234;225;224;224;235;pessoas
2.6.1.8.3.1;Percentual em relação à população ocupada;7.1;7.5;7.4;7.1;7.0;6.9;7.2;%
2.6.1.8.4;Construção;198;210;218;217;220;221;224;pessoas
2.6.1.8.4.1;Percentual em relação à população ocupada;6.1;6.4;6.9;6.8;6.9;6.8;6.9;%
2.6.1.8.5;Comércio; reparação de veículos automotores e motocicletas;483;491;484;515;519;520;534;pessoas
2.6.1.8.5.1;Percentual em relação à população ocupada;14.8;15.0;15.4;16.2;16.2;16.1;16.4;%
2.6.1.8.6;Transporte, armazenagem e correio;168;178;172;172;164;174;180;pessoas
2.6.1.8.6.1;Percentual em relação à população ocupada;5.1;5.4;5.5;5.4;5.1;5.4;5.5;%
2.6.1.8.7;Alojamento e alimentação;219;207;179;186;196;201;220;pessoas
2.6.1.8.7.1;Percentual em relação à população ocupada;6.7;6.4;5.7;5.9;6.1;6.2;6.8;%
2.6.1.8.8;Informação, comunicação e atividades financeiras, imobiliárias, profissionais e administrativas;254;250;238;243;242;237;240;pessoas
2.6.1.8.8.1;Percentual em relação à população ocupada;7.8;7.7;7.6;7.7;7.6;7.3;7.4;%
2.6.1.8.9;Administração pública, defesa e seguridade social, educação, saúde humana e serviços sociais;717;717;716;708;711;716;702;pessoas
2.6.1.8.9.1;Percentual em relação à população ocupada;21.9;22.0;22.7;22.3;22.2;22.1;21.6;%
2.6.1.8.10;Serviços domésticos;163;150;147;152;144;144;140;pessoas
2.6.1.8.10.1;Percentual em relação à população ocupada;5.0;4.6;4.7;4.8;4.5;4.5;4.3;%
2.6.1.8.11;Outros serviços;108;119;90;90;95;103;104;pessoas
2.6.1.8.11.1;Percentual em relação à população ocupada;3.3;3.6;2.9;2.8;3.0;3.2;3.2;%
2.6.1.8.12;Outras atividades;354;351;362;355;366;374;370;pessoas
2.6.1.8.12.1;Percentual em relação à população ocupada;10.8;10.8;11.5;11.2;11.4;11.6;11.4;%
2.6.1.9;Trabalho remunerado efetivo em relação ao normal;;;;;;;;
2.6.1.9.1;Tiveram remuneração efetiva menor que a normalmente recebida;1297;1280;961;810;742;654;627;pessoas
2.6.1.9.1.1;Percentual em relação à população ocupada e remunerada;40.4;39.8;30.9;25.9;23.6;20.5;19.6;%
2.6.1.9.2;Tiveram remuneração efetiva maior que a normalmente recebida;67;83;89;94;106;117;135;pessoas
2.6.1.9.2.1;Percentual em relação à população ocupada e remunerada;2.1;2.6;2.9;3.0;3.4;3.7;4.2;%
2.6.1.10;Condição de afastamento do(s) trabalho(s);;;;;;;;
2.6.1.10.1;Afastada;1072;817;426;272;231;203;189;pessoas
2.6.1.10.1.1;Percentual em relação à população ocupada;32.8;25.0;13.5;8.6;7.2;6.3;5.8;%
2.6.1.10.1.2;Sexo;;;;;;;;
2.6.1.10.1.2.1;Homem;;;;;;;;pessoas
2.6.1.10.1.2.2;Mulher;;;;;;;;pessoas
2.6.1.10.1.3;Cor ou raça;;;;;;;;
2.6.1.10.1.3.1;Branca;;;;;;;;pessoas
2.6.1.10.1.3.2;Preta ou parda;;;;;;;;pessoas
2.6.1.10.1.4;Grupos de idade;;;;;;;;
2.6.1.10.1.4.1;14 a 29 anos;;;;;;;;pessoas
2.6.1.10.1.4.2;30 a 49 anos;;;;;;;;pessoas
2.6.1.10.1.4.3;50 a 59 anos;;;;;;;;pessoas
2.6.1.10.1.4.4;60 anos ou mais;;;;;;;;pessoas
2.6.1.10.1.5;Nível de instrução;;;;;;;;
2.6.1.10.1.5.1;Sem instrução ao fundamental incompleto;;;;;;;;pessoas
2.6.1.10.1.5.2;Fundamental completo ao médio incompleto;;;;;;;;pessoas
2.6.1.10.1.5.3;Médio completo ao superior incompleto;;;;;;;;pessoas
2.6.1.10.1.5.4;Superior completo ou pós-graduação;;;;;;;;pessoas
2.6.1.10.1.6;Afastada devido ao distanciamento social;940;666;313;170;128;101;92;pessoas
2.6.1.10.1.6.1;Percentual em relação à população ocupada;28.8;20.4;9.9;5.3;4.0;3.1;2.8;%
2.6.1.10.1.6.2;Sexo;;;;;;;;
2.6.1.10.1.6.2.1;Homem;;;;;;;;pessoas
2.6.1.10.1.6.2.1.1;Percentual em relação à população ocupada do sexo homem;;;;;;;;%
2.6.1.10.1.6.2.2;Mulher;;;;;;;;pessoas
2.6.1.10.1.6.2.2.1;Percentual em relação à população ocupada do sexo mulher;;;;;;;;%
2.6.1.10.1.6.3;Cor ou raça;;;;;;;;
2.6.1.10.1.6.3.1;Branca;;;;;;;;pessoas
2.6.1.10.1.6.3.1.1;Percentual em relação à população ocupada de cor ou raça branca;;;;;;;;%
2.6.1.10.1.6.3.2;Preta ou parda;;;;;;;;pessoas
2.6.1.10.1.6.3.2.1;Percentual em relação à população ocupada de cor ou raça preta ou parda;;;;;;;;%
2.6.1.10.1.6.4;Grupos de idade;;;;;;;;
2.6.1.10.1.6.4.1;14 a 29 anos;;;;;;;;pessoas
2.6.1.10.1.6.4.1.1;Percentual em relação à população ocupada de 14 a 29 anos de idade;;;;;;;;%
2.6.1.10.1.6.4.2;30 a 49 anos;;;;;;;;pessoas
2.6.1.10.1.6.4.2.1;Percentual em relação à população ocupada de 30 a 49 anos de idade;;;;;;;;%
2.6.1.10.1.6.4.3;50 a 59 anos;;;;;;;;pessoas
2.6.1.10.1.6.4.3.1;Percentual em relação à população ocupada de 50 a 59 anos de idade;;;;;;;;%
2.6.1.10.1.6.4.4;60 anos ou mais;;;;;;;;pessoas
2.6.1.10.1.6.4.4.1;Percentual em relação à população ocupada de 60 anos ou mais de idade;;;;;;;;%
2.6.1.10.1.6.5;Nível de instrução;;;;;;;;
2.6.1.10.1.6.5.1;Sem instrução ao fundamental incompleto;;;;;;;;pessoas
2.6.1.10.1.6.5.1.1;Percentual em relação à população ocupada de nível de instrução sem instrução ao fundamental incompleto;;;;;;;;%
2.6.1.10.1.6.5.2;Fundamental completo ao médio incompleto;;;;;;;;pessoas
2.6.1.10.1.6.5.2.1;Percentual em relação à população ocupada de nível de instrução fundamental completo ao médio incompleto;;;;;;;;%
2.6.1.10.1.6.5.3;Médio completo ao superior incompleto;;;;;;;;pessoas
2.6.1.10.1.6.5.3.1;Percentual em relação à população ocupada de nível de instrução médio completo ao superior incompleto;;;;;;;;%
2.6.1.10.1.6.5.4;Superior completo ou pós-graduação;;;;;;;;pessoas
2.6.1.10.1.6.5.4.1;Percentual em relação à população ocupada de nível de instrução superior completo ou pós-graduação;;;;;;;;%
2.6.1.10.1.6.6;Posição na ocupação e categoria do emprego;;;;;;;;
2.6.1.10.1.6.6.1;Empregado do setor privado com carteira assinada;;;;;;;;pessoas
2.6.1.10.1.6.6.1.1;Percentual em relação à população ocupada e afastada devido ao distanciamento social;;;;;;;;%
2.6.1.10.1.6.6.2;Empregado do setor privado sem carteira assinada;;;;;;;;pessoas
2.6.1.10.1.6.6.2.1;Percentual em relação à população ocupada e afastada devido ao distanciamento social;;;;;;;;%
2.6.1.10.1.6.6.3;Trabalhador doméstico com carteira assinada;;;;;;;;pessoas
2.6.1.10.1.6.6.3.1;Percentual em relação à população ocupada e afastada devido ao distanciamento social;;;;;;;;%
2.6.1.10.1.6.6.4;Trabalhador doméstico sem carteira assinada;;;;;;;;pessoas
2.6.1.10.1.6.6.4.1;Percentual em relação à população ocupada e afastada devido ao distanciamento social;;;;;;;;%
2.6.1.10.1.6.6.5;Empregado do setor público com carteira assinada;;;;;;;;pessoas
2.6.1.10.1.6.6.5.1;Percentual em relação à população ocupada e afastada devido ao distanciamento social;;;;;;;;%
2.6.1.10.1.6.6.6;Empregado do setor público sem carteira assinada;;;;;;;;pessoas
2.6.1.10.1.6.6.6.1;Percentual em relação à população ocupada e afastada devido ao distanciamento social;;;;;;;;%
2.6.1.10.1.6.6.7;Militar e servidor estatutário;;;;;;;;pessoas
2.6.1.10.1.6.6.7.1;Percentual em relação à população ocupada e afastada devido ao distanciamento social;;;;;;;;%
2.6.1.10.1.6.6.8;Empregador;;;;;;;;pessoas
2.6.1.10.1.6.6.8.1;Percentual em relação à população ocupada e afastada devido ao distanciamento social;;;;;;;;%
2.6.1.10.1.6.6.9;Autonômo (Por conta própria);;;;;;;;pessoas
2.6.1.10.1.6.6.9.1;Percentual em relação à população ocupada e afastada devido ao distanciamento social;;;;;;;;%
2.6.1.10.1.6.6.10;Trabalhador familiar auxiliar;;;;;;;;pessoas
2.6.1.10.1.6.6.10.1;Percentual em relação à população ocupada e afastada devido ao distanciamento social;;;;;;;;%
2.6.1.10.1.6.7;Grupamentos ocupacionais ;;;;;;;;
2.6.1.10.1.6.7.1;Diretores e gerentes;;;;;;;;pessoas
2.6.1.10.1.6.7.1.1;Percentual em relação à população ocupada e afastada devido ao distanciamento social;;;;;;;;%
2.6.1.10.1.6.7.2;Profissionais das ciências e intelectuais;;;;;;;;pessoas
2.6.1.10.1.6.7.2.1;Percentual em relação à população ocupada e afastada devido ao distanciamento social;;;;;;;;%
2.6.1.10.1.6.7.3;Técnicos e profissionais de nível médio;;;;;;;;pessoas
2.6.1.10.1.6.7.3.1;Percentual em relação à população ocupada e afastada devido ao distanciamento social;;;;;;;;%
2.6.1.10.1.6.7.4;Trabalhadores de apoio administrativo;;;;;;;;pessoas
2.6.1.10.1.6.7.4.1;Percentual em relação à população ocupada e afastada devido ao distanciamento social;;;;;;;;%
2.6.1.10.1.6.7.5;Trabalhadores dos serviços, vendedores dos comércios e mercados;;;;;;;;pessoas
2.6.1.10.1.6.7.5.1;Percentual em relação à população ocupada e afastada devido ao distanciamento social;;;;;;;;%
2.6.1.10.1.6.7.6;Trabalhadores qualificados da agropecuária, florestais, da caça e da pesca;;;;;;;;pessoas
2.6.1.10.1.6.7.6.1;Percentual em relação à população ocupada e afastada devido ao distanciamento social;;;;;;;;%
2.6.1.10.1.6.7.7;Trabalhadores qualificados, operários e artesãos da construção, das artes mecânicas e outros ofícios;;;;;;;;pessoas
2.6.1.10.1.6.7.7.1;Percentual em relação à população ocupada e afastada devido ao distanciamento social;;;;;;;;%
2.6.1.10.1.6.7.8;Operadores de instalações e máquinas e montadores;;;;;;;;pessoas
2.6.1.10.1.6.7.8.1;Percentual em relação à população ocupada e afastada devido ao distanciamento social;;;;;;;;%
2.6.1.10.1.6.7.9;Ocupações elementares;;;;;;;;pessoas
2.6.1.10.1.6.7.9.1;Percentual em relação à população ocupada e afastada devido ao distanciamento social;;;;;;;;%
2.6.1.10.1.6.7.10;Membros das forças armadas, policiais e bombeiros militares;;;;;;;;pessoas
2.6.1.10.1.6.7.10.1;Percentual em relação à população ocupada e afastada devido ao distanciamento social;;;;;;;;%
2.6.1.10.1.6.7.11;Outras;;;;;;;;pessoas
2.6.1.10.1.6.7.11.1;Percentual em relação à população ocupada e afastada devido ao distanciamento social;;;;;;;;%
2.6.1.10.1.6.8;Condição de formalidade;;;;;;;;
2.6.1.10.1.6.8.1;Trabalho formal;;;;;;;;pessoas
2.6.1.10.1.6.8.1.1;Percentual em relação à população ocupada e afastada devido ao distanciamento social;;;;;;;;%
2.6.1.10.1.6.8.2;Trabalho informal;;;;;;;;pessoas
2.6.1.10.1.6.8.2.1;Percentual em relação à população ocupada e afastada devido ao distanciamento social;;;;;;;;%
2.6.1.10.1.6.9;Grupamentos de atividade;;;;;;;;
2.6.1.10.1.6.9.1;Agricultura, pecuária, produção florestal, pesca e aquicultura;;;;;;;;pessoas
2.6.1.10.1.6.9.1.1;Percentual em relação à população ocupada e afastada devido ao distanciamento social;;;;;;;;%
2.6.1.10.1.6.9.2;Indústria geral ;;;;;;;;pessoas
2.6.1.10.1.6.9.2.1;Percentual em relação à população ocupada e afastada devido ao distanciamento social;;;;;;;;%
2.6.1.10.1.6.9.3;Indústrias de transformação;;;;;;;;pessoas
2.6.1.10.1.6.9.3.1;Percentual em relação à população ocupada e afastada devido ao distanciamento social;;;;;;;;%
2.6.1.10.1.6.9.4;Construção;;;;;;;;pessoas
2.6.1.10.1.6.9.4.1;Percentual em relação à população ocupada e afastada devido ao distanciamento social;;;;;;;;%
2.6.1.10.1.6.9.5;Comércio; reparação de veículos automotores e motocicletas;;;;;;;;pessoas
2.6.1.10.1.6.9.5.1;Percentual em relação à população ocupada e afastada devido ao distanciamento social;;;;;;;;%
2.6.1.10.1.6.9.6;Transporte, armazenagem e correio;;;;;;;;pessoas
2.6.1.10.1.6.9.6.1;Percentual em relação à população ocupada e afastada devido ao distanciamento social;;;;;;;;%
2.6.1.10.1.6.9.7;Alojamento e alimentação;;;;;;;;pessoas
2.6.1.10.1.6.9.7.1;Percentual em relação à população ocupada e afastada devido ao distanciamento social;;;;;;;;%
2.6.1.10.1.6.9.8;Informação, comunicação e atividades financeiras, imobiliárias, profissionais e administrativas;;;;;;;;pessoas
2.6.1.10.1.6.9.8.1;Percentual em relação à população ocupada e afastada devido ao distanciamento social;;;;;;;;%
2.6.1.10.1.6.9.9;Administração pública, defesa e seguridade social, educação, saúde humana e serviços sociais;;;;;;;;pessoas
2.6.1.10.1.6.9.9.1;Percentual em relação à população ocupada e afastada devido ao distanciamento social;;;;;;;;%
2.6.1.10.1.6.9.10;Serviços domésticos;;;;;;;;pessoas
2.6.1.10.1.6.9.10.1;Percentual em relação à população ocupada e afastada devido ao distanciamento social;;;;;;;;%
2.6.1.10.1.6.9.11;Outros serviços;;;;;;;;pessoas
2.6.1.10.1.6.9.11.1;Percentual em relação à população ocupada e afastada devido ao distanciamento social;;;;;;;;%
2.6.1.10.1.6.9.12;Outras atividades;;;;;;;;pessoas
2.6.1.10.1.6.9.12.1;Percentual em relação à população ocupada e afastada devido ao distanciamento social;;;;;;;;%
2.6.1.10.1.7;Afastada por motivo diferente do distanciamento social;132;152;113;102;103;102;97;pessoas
2.6.1.10.1.7.1;Sexo;;;;;;;;
2.6.1.10.1.7.1.1;Homem;;;;;;;;pessoas
2.6.1.10.1.7.1.2;Mulher;;;;;;;;pessoas
2.6.1.10.1.7.2;Cor ou raça;;;;;;;;
2.6.1.10.1.7.2.1;Branca;;;;;;;;pessoas
2.6.1.10.1.7.2.2;Preta ou parda;;;;;;;;pessoas
2.6.1.10.1.7.3;Grupos de idade;;;;;;;;
2.6.1.10.1.7.3.1;14 a 29 anos;;;;;;;;pessoas
2.6.1.10.1.7.3.2;30 a 49 anos;;;;;;;;pessoas
2.6.1.10.1.7.3.3;50 a 59 anos;;;;;;;;pessoas
2.6.1.10.1.7.3.4;60 anos ou mais;;;;;;;;pessoas
2.6.1.10.1.7.4;Nível de instrução;;;;;;;;
2.6.1.10.1.7.4.1;Sem instrução ao fundamental incompleto;;;;;;;;pessoas
2.6.1.10.1.7.4.2;Fundamental completo ao médio incompleto;;;;;;;;pessoas
2.6.1.10.1.7.4.3;Médio completo ao superior incompleto;;;;;;;;pessoas
2.6.1.10.1.7.4.4;Superior completo ou pós-graduação;;;;;;;;pessoas
2.6.1.10.1.8;Condição da remuneração;;;;;;;;
2.6.1.10.1.8.1;Permaneceu remunerado ou já era não remunerado;452;352;267;203;184;165;146;pessoas
2.6.1.10.1.8.1.1;Percentual em relação à população ocupada e afastada;42.2;43.1;62.7;74.6;79.7;81.3;76.9;%
2.6.1.10.1.8.2;Deixou de receber remuneração;620;465;159;69;47;38;44;pessoas
2.6.1.10.1.8.2.1;Percentual em relação à população ocupada e afastada;57.8;56.9;37.3;25.4;20.3;18.7;23.1;%
2.6.1.10.2;Não afastada;2196;2447;2728;2905;2968;3030;3069;pessoas
2.6.1.10.2.1;Percentual em relação à população ocupada;67.2;75.0;86.5;91.4;92.8;93.7;94.2;%
2.6.1.10.2.2;Sexo;;;;;;;;
2.6.1.10.2.2.1;Homem;;;;;;;;pessoas
2.6.1.10.2.2.2;Mulher;;;;;;;;pessoas
2.6.1.10.2.3;Cor ou raça;;;;;;;;
2.6.1.10.2.3.1;Branca;;;;;;;;pessoas
2.6.1.10.2.3.2;Preta ou parda;;;;;;;;pessoas
2.6.1.10.2.4;Grupos de idade;;;;;;;;
2.6.1.10.2.4.1;14 a 29 anos;;;;;;;;pessoas
2.6.1.10.2.4.2;30 a 49 anos;;;;;;;;pessoas
2.6.1.10.2.4.3;50 a 59 anos;;;;;;;;pessoas
2.6.1.10.2.4.4;60 anos ou mais;;;;;;;;pessoas
2.6.1.10.2.5;Nível de instrução;;;;;;;;
2.6.1.10.2.5.1;Sem instrução ao fundamental incompleto;;;;;;;;pessoas
2.6.1.10.2.5.2;Fundamental completo ao médio incompleto;;;;;;;;pessoas
2.6.1.10.2.5.3;Médio completo ao superior incompleto;;;;;;;;pessoas
2.6.1.10.2.5.4;Superior completo ou pós-graduação;;;;;;;;pessoas
2.6.1.10.2.6;Trabalho normal em relação ao efetivo;;;;;;;;
2.6.1.10.2.6.1;Trabalharam efetivamente menos que o normal;688;771;714;626;572;518;490;pessoas
2.6.1.10.2.6.1.1;Percentual em relação à população ocupada e não afastada;31.3;31.5;26.2;21.5;19.3;17.1;16.0;%
2.6.1.10.2.6.2;Trabalharam efetivamente mais que o normal;91;100;129;125;109;122;121;pessoas
2.6.1.10.2.6.2.1;Percentual em relação à população ocupada e não afastada;4.1;4.1;4.7;4.3;3.7;4.0;4.0;%
2.6.1.10.2.7;Trabalho remoto;285;291;293;275;259;229;222;pessoas
2.6.1.10.2.7.1;Percentual em relação à população ocupada e não afastada;13.0;11.9;10.7;9.5;8.7;7.6;7.2;%
2.6.1.10.2.7.2;Sexo;;;;;;;;
2.6.1.10.2.7.2.1;Homem;;;;;;;;pessoas
2.6.1.10.2.7.2.1.1;Percentual em relação à população ocupada e não afastada do sexo homem;;;;;;;;%
2.6.1.10.2.7.2.2;Mulher;;;;;;;;pessoas
2.6.1.10.2.7.2.2.1;Percentual em relação à população ocupada e não afastada do sexo mulher;;;;;;;;%
2.6.1.10.2.7.3;Cor ou raça;;;;;;;;
2.6.1.10.2.7.3.1;Branca;;;;;;;;pessoas
2.6.1.10.2.7.3.1.1;Percentual em relação à população ocupada e não afastada de cor ou raça branca;;;;;;;;%
2.6.1.10.2.7.3.2;Preta ou parda;;;;;;;;pessoas
2.6.1.10.2.7.3.2.1;Percentual em relação à população ocupada e não afastada de cor ou raça preta ou parda;;;;;;;;%
2.6.1.10.2.7.4;Grupos de idade;;;;;;;;
2.6.1.10.2.7.4.1;14 a 29 anos;;;;;;;;pessoas
2.6.1.10.2.7.4.1.1;Percentual em relação à população ocupada e não afastada de 14 a 29 anos de idade;;;;;;;;%
2.6.1.10.2.7.4.2;30 a 49 anos;;;;;;;;pessoas
2.6.1.10.2.7.4.2.1;Percentual em relação à população ocupada e não afastada de 30 a 49 anos de idade;;;;;;;;%
2.6.1.10.2.7.4.3;50 a 59 anos;;;;;;;;pessoas
2.6.1.10.2.7.4.3.1;Percentual em relação à população ocupada e não afastada de 50 a 59 anos de idade;;;;;;;;%
2.6.1.10.2.7.4.4;60 anos ou mais;;;;;;;;pessoas
2.6.1.10.2.7.4.4.1;Percentual em relação à população ocupada e não afastada de 60 anos ou mais de idade;;;;;;;;%
2.6.1.10.2.7.5;Nível de instrução;;;;;;;;
2.6.1.10.2.7.5.1;Sem instrução ao fundamental incompleto;;;;;;;;pessoas
2.6.1.10.2.7.5.1.1;Percentual em relação à população ocupada e não afastada de nível de instrução sem instrução ao fundamental incompleto;;;;;;;;%
2.6.1.10.2.7.5.2;Fundamental completo ao médio incompleto;;;;;;;;pessoas
2.6.1.10.2.7.5.2.1;Percentual em relação à população ocupada e não afastada de nível de instrução fundamental completo ao médio incompleto;;;;;;;;%
2.6.1.10.2.7.5.3;Médio completo ao superior incompleto;;;;;;;;pessoas
2.6.1.10.2.7.5.3.1;Percentual em relação à população ocupada e não afastada de nível de instrução médio completo ao superior incompleto;;;;;;;;%
2.6.1.10.2.7.5.4;Superior completo ou pós-graduação;;;;;;;;pessoas
2.6.1.10.2.7.5.4.1;Percentual em relação à população ocupada e não afastada de nível de instrução superior completo ou pós-graduação;;;;;;;;%
2.6.1.10.2.7.6;Posição na ocupação e categoria do emprego;;;;;;;;
2.6.1.10.2.7.6.1;Empregado do setor privado com carteira assinada;;;;;;;;pessoas
2.6.1.10.2.7.6.1.1;Percentual em relação à população ocupada e não afastada trabalhando remotamente;;;;;;;;%
2.6.1.10.2.7.6.2;Empregado do setor privado sem carteira assinada;;;;;;;;pessoas
2.6.1.10.2.7.6.2.1;Percentual em relação à população ocupada e não afastada trabalhando remotamente;;;;;;;;%
2.6.1.10.2.7.6.3;Trabalhador doméstico com carteira assinada;;;;;;;;pessoas
2.6.1.10.2.7.6.3.1;Percentual em relação à população ocupada e não afastada trabalhando remotamente;;;;;;;;%
2.6.1.10.2.7.6.4;Trabalhador doméstico sem carteira assinada;;;;;;;;pessoas
2.6.1.10.2.7.6.4.1;Percentual em relação à população ocupada e não afastada trabalhando remotamente;;;;;;;;%
2.6.1.10.2.7.6.5;Empregado do setor público com carteira assinada;;;;;;;;pessoas
2.6.1.10.2.7.6.5.1;Percentual em relação à população ocupada e não afastada trabalhando remotamente;;;;;;;;%
2.6.1.10.2.7.6.6;Empregado do setor público sem carteira assinada;;;;;;;;pessoas
2.6.1.10.2.7.6.6.1;Percentual em relação à população ocupada e não afastada trabalhando remotamente;;;;;;;;%
2.6.1.10.2.7.6.7;Militar ou servidor estatutário;;;;;;;;pessoas
2.6.1.10.2.7.6.7.1;Percentual em relação à população ocupada e não afastada trabalhando remotamente;;;;;;;;%
2.6.1.10.2.7.6.8;Empregador;;;;;;;;pessoas
2.6.1.10.2.7.6.8.1;Percentual em relação à população ocupada e não afastada trabalhando remotamente;;;;;;;;%
2.6.1.10.2.7.6.9;Autonômo (Por conta própria);;;;;;;;pessoas
2.6.1.10.2.7.6.9.1;Percentual em relação à população ocupada e não afastada trabalhando remotamente;;;;;;;;%
2.6.1.10.2.7.6.10;Trabalhador familiar auxiliar;;;;;;;;pessoas
2.6.1.10.2.7.6.10.1;Percentual em relação à população ocupada e não afastada trabalhando remotamente;;;;;;;;%
2.6.1.10.2.7.7;Grupamentos de atividade;;;;;;;;
2.6.1.10.2.7.7.1;Agricultura, pecuária, produção florestal, pesca e aquicultura;;;;;;;;pessoas
2.6.1.10.2.7.7.1.1;Percentual em relação à população ocupada e não afastada trabalhando remotamente;;;;;;;;%
2.6.1.10.2.7.7.2;Indústria geral ;;;;;;;;pessoas
2.6.1.10.2.7.7.2.1;Percentual em relação à população ocupada e não afastada trabalhando remotamente;;;;;;;;%
2.6.1.10.2.7.7.3;Indústrias de transformação;;;;;;;;pessoas
2.6.1.10.2.7.7.3.1;Percentual em relação à população ocupada e não afastada trabalhando remotamente;;;;;;;;%
2.6.1.10.2.7.7.4;Construção;;;;;;;;pessoas
2.6.1.10.2.7.7.4.1;Percentual em relação à população ocupada e não afastada trabalhando remotamente;;;;;;;;%
2.6.1.10.2.7.7.5;Comércio; reparação de veículos automotores e motocicletas;;;;;;;;pessoas
2.6.1.10.2.7.7.5.1;Percentual em relação à população ocupada e não afastada trabalhando remotamente;;;;;;;;%
2.6.1.10.2.7.7.6;Transporte, armazenagem e correio;;;;;;;;pessoas
2.6.1.10.2.7.7.6.1;Percentual em relação à população ocupada e não afastada trabalhando remotamente;;;;;;;;%
2.6.1.10.2.7.7.7;Alojamento e alimentação;;;;;;;;pessoas
2.6.1.10.2.7.7.7.1;Percentual em relação à população ocupada e não afastada trabalhando remotamente;;;;;;;;%
2.6.1.10.2.7.7.8;Informação, comunicação e atividades financeiras, imobiliárias, profissionais e administrativas;;;;;;;;pessoas
2.6.1.10.2.7.7.8.1;Percentual em relação à população ocupada e não afastada trabalhando remotamente;;;;;;;;%
2.6.1.10.2.7.7.9;Administração pública, defesa e seguridade social, educação, saúde humana e serviços sociais;;;;;;;;pessoas
2.6.1.10.2.7.7.9.1;Percentual em relação à população ocupada e não afastada trabalhando remotamente;;;;;;;;%
2.6.1.10.2.7.7.10;Outros serviços;;;;;;;;pessoas
2.6.1.10.2.7.7.10.1;Percentual em relação à população ocupada e não afastada trabalhando remotamente;;;;;;;;%
2.6.1.10.2.7.7.11;Outras atividades;;;;;;;;pessoas
2.6.1.10.2.7.7.11.1;Percentual em relação à população ocupada e não afastada trabalhando remotamente;;;;;;;;%
2.6.1.10.2.7.8;Grupamentos ocupacionais ;;;;;;;;
2.6.1.10.2.7.8.1;Diretores e gerentes;;;;;;;;pessoas
2.6.1.10.2.7.8.1.1;Percentual em relação à população ocupada e não afastada trabalhando remotamente;;;;;;;;%
2.6.1.10.2.7.8.2;Profissionais das ciências e intelectuais;;;;;;;;pessoas
2.6.1.10.2.7.8.2.1;Percentual em relação à população ocupada e não afastada trabalhando remotamente;;;;;;;;%
2.6.1.10.2.7.8.3;Técnicos e profissionais de nível médio;;;;;;;;pessoas
2.6.1.10.2.7.8.3.1;Percentual em relação à população ocupada e não afastada trabalhando remotamente;;;;;;;;%
2.6.1.10.2.7.8.4;Trabalhadores de apoio administrativo;;;;;;;;pessoas
2.6.1.10.2.7.8.4.1;Percentual em relação à população ocupada e não afastada trabalhando remotamente;;;;;;;;%
2.6.1.10.2.7.8.5;Trabalhadores dos serviços, vendedores dos comércios e mercados;;;;;;;;pessoas
2.6.1.10.2.7.8.5.1;Percentual em relação à população ocupada e não afastada trabalhando remotamente;;;;;;;;%
2.6.1.10.2.7.8.6;Trabalhadores qualificados da agropecuária, florestais, da caça e da pesca;;;;;;;;pessoas
2.6.1.10.2.7.8.6.1;Percentual em relação à população ocupada e não afastada trabalhando remotamente;;;;;;;;%
2.6.1.10.2.7.8.7;Trabalhadores qualificados, operários e artesãos da construção, das artes mecânicas e outros ofícios;;;;;;;;pessoas
2.6.1.10.2.7.8.7.1;Percentual em relação à população ocupada e não afastada trabalhando remotamente;;;;;;;;%
2.6.1.10.2.7.8.8;Operadores de instalações e máquinas e montadores;;;;;;;;pessoas
2.6.1.10.2.7.8.8.1;Percentual em relação à população ocupada e não afastada trabalhando remotamente;;;;;;;;%
2.6.1.10.2.7.8.9;Ocupações elementares;;;;;;;;pessoas
2.6.1.10.2.7.8.9.1;Percentual em relação à população ocupada e não afastada trabalhando remotamente;;;;;;;;%
2.6.1.10.2.7.8.10;Membros das forças armadas, policiais e bombeiros militares;;;;;;;;pessoas
2.6.1.10.2.7.8.10.1;Percentual em relação à população ocupada e não afastada trabalhando remotamente;;;;;;;;%
2.6.1.10.2.7.8.11;Outras;;;;;;;;pessoas
2.6.1.10.2.7.8.11.1;Percentual em relação à população ocupada e não afastada trabalhando remotamente;;;;;;;;%
2.6.1.10.2.7.9;Condição de formalidade;;;;;;;;
2.6.1.10.2.7.9.1;Trabalho formal;;;;;;;;pessoas
2.6.1.10.2.7.9.1.1;Percentual em relação à população ocupada e não afastada trabalhando remotamente;;;;;;;;%
2.6.1.10.2.7.9.2;Trabalho informal;;;;;;;;pessoas
2.6.1.10.2.7.9.2.1;Percentual em relação à população ocupada e não afastada trabalhando remotamente;;;;;;;;%
2.6.1.11;Condição de formalidade;;;;;;;;
2.6.1.11.1;Trabalho informal;1404;1396;1284;1326;1354;1386;1411;pessoas
2.6.1.11.1.1;Taxa de informalidade;43.0;42.8;40.7;41.7;42.3;42.9;43.3;%
2.6.1.11.1.2;Sexo;;;;;;;;
2.6.1.11.1.2.1;Homem;;;;;;;;pessoas
2.6.1.11.1.2.1.1;Taxa de informalidade;;;;;;;;%
2.6.1.11.1.2.2;Mulher;;;;;;;;pessoas
2.6.1.11.1.2.2.1;Taxa de informalidade;;;;;;;;%
2.6.1.11.1.3;Cor ou raça;;;;;;;;
2.6.1.11.1.3.1;Branca;;;;;;;;pessoas
2.6.1.11.1.3.1.1;Taxa de informalidade;;;;;;;;%
2.6.1.11.1.3.2;Preta ou parda;;;;;;;;pessoas
2.6.1.11.1.3.2.1;Taxa de informalidade;;;;;;;;%
2.6.1.11.1.4;Grupos de idade;;;;;;;;
2.6.1.11.1.4.1;14 a 29 anos;;;;;;;;pessoas
2.6.1.11.1.4.1.1;Taxa de informalidade;;;;;;;;%
2.6.1.11.1.4.2;30 a 49 anos;;;;;;;;pessoas
2.6.1.11.1.4.2.1;Taxa de informalidade;;;;;;;;%
2.6.1.11.1.4.3;50 a 59 anos;;;;;;;;pessoas
2.6.1.11.1.4.3.1;Taxa de informalidade;;;;;;;;%
2.6.1.11.1.4.4;60 anos ou mais;;;;;;;;pessoas
2.6.1.11.1.4.4.1;Taxa de informalidade;;;;;;;;%
2.6.1.11.1.5;Nível de instrução;;;;;;;;
2.6.1.11.1.5.1;Sem instrução ao fundamental incompleto;;;;;;;;pessoas
2.6.1.11.1.5.1.1;Taxa de informalidade;;;;;;;;%
2.6.1.11.1.5.2;Fundamental completo ao médio incompleto;;;;;;;;pessoas
2.6.1.11.1.5.2.1;Taxa de informalidade;;;;;;;;%
2.6.1.11.1.5.3;Médio completo ao superior incompleto;;;;;;;;pessoas
2.6.1.11.1.5.3.1;Taxa de informalidade;;;;;;;;%
2.6.1.11.1.5.4;Superior completo ou pós-graduação;;;;;;;;pessoas
2.6.1.11.1.5.4.1;Taxa de informalidade;;;;;;;;%
2.6.2;Desocupada;382;472;490;574;605;666;712;pessoas
2.6.2.1;Taxa de desocupação;10.5;12.6;13.5;15.3;15.9;17.1;17.9;%
2.6.2.1.1;Sexo;;;;;;;;
2.6.2.1.1.1;Homem;;;;;;;;%
2.6.2.1.1.2;Mulher;;;;;;;;%
2.6.2.1.2;Cor ou raça;;;;;;;;
2.6.2.1.2.1;Branca;;;;;;;;%
2.6.2.1.2.2;Preta ou parda;;;;;;;;%
2.6.2.1.3;Grupos de idade;;;;;;;;
2.6.2.1.3.1;14 a 29 anos;;;;;;;;%
2.6.2.1.3.2;30 a 49 anos;;;;;;;;%
2.6.2.1.3.3;50 a 59 anos;;;;;;;;%
2.6.2.1.3.4;60 anos ou mais;;;;;;;;%
2.6.2.1.4;Nível de instrução;;;;;;;;
2.6.2.1.4.1;Sem instrução ao fundamental incompleto;;;;;;;;%
2.6.2.1.4.2;Fundamental completo ao médio incompleto;;;;;;;;%
2.6.2.1.4.3;Médio completo ao superior incompleto;;;;;;;;%
2.6.2.1.4.4;Superior completo ou pós-graduação;;;;;;;;%
2.6.2.2;Sexo;;;;;;;;
2.6.2.2.1;Homem;;;;;;;;pessoas
2.6.2.2.1.1;Percentual em relação à população desocupada;;;;;;;;%
2.6.2.2.2;Mulher;;;;;;;;pessoas
2.6.2.2.2.1;Percentual em relação à população desocupada;;;;;;;;%
2.6.2.3;Cor ou raça;;;;;;;;
2.6.2.3.1;Branca;;;;;;;;pessoas
2.6.2.3.1.1;Percentual em relação à população desocupada;;;;;;;;%
2.6.2.3.2;Preta ou parda;;;;;;;;pessoas
2.6.2.3.2.1;Percentual em relação à população desocupada;;;;;;;;%
2.6.2.4;Grupos de idade;;;;;;;;
2.6.2.4.1;14 a 29 anos;;;;;;;;pessoas
2.6.2.4.1.1;Percentual em relação à população desocupada;;;;;;;;%
2.6.2.4.2;30 a 49 anos;;;;;;;;pessoas
2.6.2.4.2.1;Percentual em relação à população desocupada;;;;;;;;%
2.6.2.4.3;50 a 59 anos;;;;;;;;pessoas
2.6.2.4.3.1;Percentual em relação à população desocupada;;;;;;;;%
2.6.2.4.4;60 anos ou mais;;;;;;;;pessoas
2.6.2.4.4.1;Percentual em relação à população desocupada;;;;;;;;%
2.6.2.5;Nível de instrução;;;;;;;;
2.6.2.5.1;Sem instrução ao fundamental incompleto;;;;;;;;pessoas
2.6.2.5.1.1;Percentual em relação à população desocupada;;;;;;;;%
2.6.2.5.2;Fundamental completo ao médio incompleto;;;;;;;;pessoas
2.6.2.5.2.1;Percentual em relação à população desocupada;;;;;;;;%
2.6.2.5.3;Médio completo ao superior incompleto;;;;;;;;pessoas
2.6.2.5.3.1;Percentual em relação à população desocupada;;;;;;;;%
2.6.2.5.4;Superior completo ou pós-graduação;;;;;;;;pessoas
2.6.2.5.4.1;Percentual em relação à população desocupada;;;;;;;;%
3;Trabalho – Pessoas de 14 anos ou mais de idade fora da força de trabalho;3975;3884;3968;3874;3828;3737;3675;pessoas
3.1;Sexo;;;;;;;;
3.1.1;Homem;;;;;;;;pessoas
3.1.1.1;Percentual em relação à população fora da força de trabalho;;;;;;;;%
3.1.2;Mulher;;;;;;;;pessoas
3.1.2.1;Percentual em relação à população fora da força de trabalho;;;;;;;;%
3.2;Cor ou raça;;;;;;;;
3.2.1;Branca;;;;;;;;pessoas
3.2.1.1;Percentual em relação à população fora da força de trabalho;;;;;;;;%
3.2.2;Preta ou parda;;;;;;;;pessoas
3.2.2.1;Percentual em relação à população fora da força de trabalho;;;;;;;;%
3.3;Grupos de idade;;;;;;;;
3.3.1;14 a 29 anos;;;;;;;;pessoas
3.3.1.1;Percentual em relação à população fora da força de trabalho;;;;;;;;%
3.3.2;30 a 49 anos;;;;;;;;pessoas
3.3.2.1;Percentual em relação à população fora da força de trabalho;;;;;;;;%
3.3.3;50 a 59 anos;;;;;;;;pessoas
3.3.3.1;Percentual em relação à população fora da força de trabalho;;;;;;;;%
3.3.4;60 anos ou mais;;;;;;;;pessoas
3.3.4.1;Percentual em relação à população fora da força de trabalho;;;;;;;;%
3.4;Nível de instrução;;;;;;;;
3.4.1;Sem instrução ao fundamental incompleto;;;;;;;;pessoas
3.4.1.1;Percentual em relação à população fora da força de trabalho;;;;;;;;%
3.4.2;Fundamental completo ao médio incompleto;;;;;;;;pessoas
3.4.2.1;Percentual em relação à população fora da força de trabalho;;;;;;;;%
3.4.3;Médio completo ao superior incompleto;;;;;;;;pessoas
3.4.3.1;Percentual em relação à população fora da força de trabalho;;;;;;;;%
3.4.4;Superior completo ou pós-graduação;;;;;;;;pessoas
3.4.4.1;Percentual em relação à população fora da força de trabalho;;;;;;;;%
3.5;Não procuraram trabalho, mas gostariam de trabalhar na semana anterior;1658;1687;1788;1652;1596;1499;1424;pessoas
3.5.1;Percentual em relação à população fora da força de trabalho;41.7;43.4;45.1;42.6;41.7;40.1;38.8;%
3.5.2;Sexo;;;;;;;;
3.5.2.1;Homem;;;;;;;;pessoas
3.5.2.1.1;Percentual em relação à população do sexo homem fora da força de trabalho;;;;;;;;%
3.5.2.2;Mulher;;;;;;;;pessoas
3.5.2.2.1;Percentual em relação à população do sexo mulher fora da força de trabalho;;;;;;;;%
3.5.3;Cor ou raça;;;;;;;;
3.5.3.1;Branca;;;;;;;;pessoas
3.5.3.1.1;Percentual em relação à população de cor ou raça branca fora da força de trabalho;;;;;;;;%
3.5.3.2;Preta ou parda;;;;;;;;pessoas
3.5.3.2.1;Percentual em relação à população de cor ou raça preta ou parda fora da força de trabalho;;;;;;;;%
3.5.4;Grupos de idade;;;;;;;;
3.5.4.1;14 a 29 anos;;;;;;;;pessoas
3.5.4.1.1;Percentual em relação à população de 14 a 29 anos de idade fora da força de trabalho;;;;;;;;%
3.5.4.2;30 a 49 anos;;;;;;;;pessoas
3.5.4.2.1;Percentual em relação à população de 30 a 49 anos de idade fora da força de trabalho;;;;;;;;%
3.5.4.3;50 a 59 anos;;;;;;;;pessoas
3.5.4.3.1;Percentual em relação à população de 50 a 59 anos de idade fora da força de trabalho;;;;;;;;%
3.5.4.4;60 anos ou mais;;;;;;;;pessoas
3.5.4.4.1;Percentual em relação à população de 60 anos ou mais de idade fora da força de trabalho;;;;;;;;%
3.5.5;Nível de instrução;;;;;;;;
3.5.5.1;Sem instrução ao fundamental incompleto;;;;;;;;pessoas
3.5.5.1.1;Percentual em relação à população de nível de instrução sem instrução ao fundamental incompleto fora da força de trabalho;;;;;;;;%
3.5.5.2;Fundamental completo ao médio incompleto;;;;;;;;pessoas
3.5.5.2.1;Percentual em relação à população de nível de instrução fundamental completo ao médio incompleto fora da força de trabalho;;;;;;;;%
3.5.5.3;Médio completo ao superior incompleto;;;;;;;;pessoas
3.5.5.3.1;Percentual em relação à população de nível de instrução médio completo ao superior incompleto fora da força de trabalho;;;;;;;;%
3.5.5.4;Superior completo ou pós-graduação;;;;;;;;pessoas
3.5.5.4.1;Percentual em relação à população de nível de instrução superior completo ou pós-graduação fora da força de trabalho;;;;;;;;%
3.5.6;Por causa da pandemia ou por falta de trabalho na localidade;1219;1120;1219;1069;981;885;814;pessoas
3.5.6.1;Percentual em relação à população fora da força de trabalho;30.7;28.8;30.7;27.6;25.6;23.7;22.1;%
3.5.6.2;Sexo;;;;;;;;
3.5.6.2.1;Homem;;;;;;;;pessoas
3.5.6.2.1.1;Percentual em relação à população do sexo homem fora da força de trabalho;;;;;;;;%
3.5.6.2.2;Mulher;;;;;;;;pessoas
3.5.6.2.2.1;Percentual em relação à população do sexo mulher fora da força de trabalho;;;;;;;;%
3.5.6.3;Cor ou raça;;;;;;;;
3.5.6.3.1;Branca;;;;;;;;pessoas
3.5.6.3.1.1;Percentual em relação à população de cor ou raça branca fora da força de trabalho;;;;;;;;%
3.5.6.3.2;Preta ou parda;;;;;;;;pessoas
3.5.6.3.2.1;Percentual em relação à população de cor ou raça preta ou parda fora da força de trabalho;;;;;;;;%
3.5.6.4;Grupos de idade;;;;;;;;
3.5.6.4.1;14 a 29 anos;;;;;;;;pessoas
3.5.6.4.1.1;Percentual em relação à população de 14 a 29 anos de idade fora da força de trabalho;;;;;;;;%
3.5.6.4.2;30 a 49 anos;;;;;;;;pessoas
3.5.6.4.2.1;Percentual em relação à população de 30 a 49 anos de idade fora da força de trabalho;;;;;;;;%
3.5.6.4.3;50 a 59 anos;;;;;;;;pessoas
3.5.6.4.3.1;Percentual em relação à população de 50 a 59 anos de idade fora da força de trabalho;;;;;;;;%
3.5.6.4.4;60 anos ou mais;;;;;;;;pessoas
3.5.6.4.4.1;Percentual em relação à população de 60 anos ou mais de idade fora da força de trabalho;;;;;;;;%
3.5.6.5;Nível de instrução;;;;;;;;
3.5.6.5.1;Sem instrução ao fundamental incompleto;;;;;;;;pessoas
3.5.6.5.1.1;Percentual em relação à população de nível de instrução sem instrução ao fundamental incompleto fora da força de trabalho;;;;;;;;%
3.5.6.5.2;Fundamental completo ao médio incompleto;;;;;;;;pessoas
3.5.6.5.2.1;Percentual em relação à população de nível de instrução fundamental completo ao médio incompleto fora da força de trabalho;;;;;;;;%
3.5.6.5.3;Médio completo ao superior incompleto;;;;;;;;pessoas
3.5.6.5.3.1;Percentual em relação à população de nível de instrução médio completo ao superior incompleto fora da força de trabalho;;;;;;;;%
3.5.6.5.4;Superior completo ou pós-graduação;;;;;;;;pessoas
3.5.6.5.4.1;Percentual em relação à população de nível de instrução superior completo ou pós-graduação fora da força de trabalho;;;;;;;;%
4;Trabalho – Subutilização da força de trabalho;1600;1592;1709;1643;1586;1551;1526;pessoas
5;Número médio de horas trabalhadas em todos os trabalhos;;;;;;;;
5.1;Normal;39;39;40;39;39;39;39;horas por semana
5.2;Efetivo;23;26;31;33;34;35;35;horas por semana
5.3;Sexo;;;;;;;;
5.3.1;Homem;;;;;;;;
5.3.1.1;Normal;40;40;40;40;40;40;40;horas por semana
5.3.1.2;Efetivo;25;28;33;35;36;37;37;horas por semana
5.3.2;Mulher;;;;;;;;
5.3.2.1;Normal;37;38;38;38;38;38;38;horas por semana
5.3.2.2;Efetivo;20;23;28;31;32;32;33;horas por semana
6;Rendimento médio real recebido de todos os trabalhos das pessoas ocupadas com rendimento do trabalho;;;;;;;;
6.1;Normal;1857;1867;1900;1854;1861;1829;1847;R$
6.2;Efetivo;1439;1476;1648;1668;1711;1717;1746;R$
6.3;Sexo;;;;;;;;
6.3.1;Homem;;;;;;;;
6.3.1.1;Normal;;;;;;;;R$
6.3.1.2;Efetivo;;;;;;;;R$
6.3.2;Mulher;;;;;;;;
6.3.2.1;Normal;;;;;;;;R$
6.3.2.2;Efetivo;;;;;;;;R$
6.4;Cor ou raça;;;;;;;;
6.4.1;Branca;;;;;;;;
6.4.1.1;Normal;;;;;;;;R$
6.4.1.2;Efetivo;;;;;;;;R$
6.4.2;Preta ou parda;;;;;;;;
6.4.2.1;Normal;;;;;;;;R$
6.4.2.2;Efetivo;;;;;;;;R$
6.5;Grupos de idade;;;;;;;;
6.5.1;14 a 29 anos;;;;;;;;
6.5.1.1;Normal;;;;;;;;R$
6.5.1.2;Efetivo;;;;;;;;R$
6.5.2;30 a 49 anos;;;;;;;;
6.5.2.1;Normal;;;;;;;;R$
6.5.2.2;Efetivo;;;;;;;;R$
6.5.3;50 a 59 anos;;;;;;;;
6.5.3.1;Normal;;;;;;;;R$
6.5.3.2;Efetivo;;;;;;;;R$
6.5.4;60 anos ou mais;;;;;;;;
6.5.4.1;Normal;;;;;;;;R$
6.5.4.2;Efetivo;;;;;;;;R$
6.6;Nível de instrução;;;;;;;;
6.6.1;Sem instrução ao fundamental incompleto;;;;;;;;
6.6.1.1;Normal;;;;;;;;R$
6.6.1.2;Efetivo;;;;;;;;R$
6.6.2;Fundamental completo ao médio incompleto;;;;;;;;
6.6.2.1;Normal;;;;;;;;R$
6.6.2.2;Efetivo;;;;;;;;R$
6.6.3;Médio completo ao superior incompleto;;;;;;;;
6.6.3.1;Normal;;;;;;;;R$
6.6.3.2;Efetivo;;;;;;;;R$
6.6.4;Superior completo ou pós-graduação;;;;;;;;
6.6.4.1;Normal;;;;;;;;R$
6.6.4.2;Efetivo;;;;;;;;R$
6.7;Posição na ocupação;;;;;;;;
6.7.1;Empregado do setor privado ;;;;;;;;
6.7.1.1;Normal;;;;;;;;R$
6.7.1.2;Efetivo;;;;;;;;R$
6.7.2;Trabalhador doméstico;;;;;;;;
6.7.2.1;Normal;;;;;;;;R$
6.7.2.2;Efetivo;;;;;;;;R$
6.7.3;Empregado no setor público (inclusive servidor estatutário e militar);;;;;;;;
6.7.3.1;Normal;;;;;;;;R$
6.7.3.2;Efetivo;;;;;;;;R$
6.7.4;Empregador;;;;;;;;
6.7.4.1;Normal;;;;;;;;R$
6.7.4.2;Efetivo;;;;;;;;R$
6.7.5;Autônomo (Por conta própria);;;;;;;;
6.7.5.1;Normal;;;;;;;;R$
6.7.5.2;Efetivo;;;;;;;;R$
6.7.6;Trabalhador familiar auxiliar;;;;;;;;
6.7.6.1;Normal;;;;;;;;R$
6.7.6.2;Efetivo;;;;;;;;R$
7;Rendimento real domiciliar per capita médio efetivamente recebido;903;939;985;988;998;948;930;R$
7.1;Por benefício do governo federal;;;;;;;;
7.1.1;Auxílio emergencial;;;;;;;;
7.1.1.1;Pelo menos um beneficiário no domicílio;630;658;694;693;703;634;588;R$
7.1.1.2;Nenhum beneficiário no domicílio;1272;1418;1494;1478;1490;1440;1442;R$
7.1.2;Seguro-desemprego;;;;;;;;
7.1.2.1;Pelo menos um beneficiário no domicílio;966;1076;908;901;898;928;892;R$
7.1.2.2;Nenhum beneficiário no domicílio;902;936;987;990;999;949;930;R$
7.1.3;Bolsa família;;;;;;;;
7.1.3.1;Pelo menos um beneficiário no domicílio;508;538;557;557;541;435;390;R$
7.1.3.2;Nenhum beneficiário no domicílio;1016;985;1031;1033;1049;1034;1032;R$
7.1.4;BPC;;;;;;;;
7.1.4.1;Pelo menos um beneficiário no domicílio;758;804;834;832;844;800;761;R$
7.1.4.2;Nenhum beneficiário no domicílio;908;945;992;995;1004;955;937;R$
7.1.5;Auxílio emergencial ou Seguro-desemprego ou Bolsa família ou BPC;;;;;;;;
7.1.5.1;Pelo menos um beneficiário no domicílio;629;668;701;698;709;638;590;R$
7.1.5.2;Nenhum beneficiário no domicílio;1362;1471;1551;1542;1554;1522;1534;R$
8;Média do rendimento proveniente do auxílio emergencial recebido por domicílio ;897;949;951;930;905;636;491;R$
9;Domicílios particulares permanentes;3032;3051;3063;3073;3069;3072;3075;domicílios
9.1;Por benefício do governo federal;;;;;;;;
9.1.1;Auxílio emergencial;;;;;;;;
9.1.1.1;Pelo menos um beneficiário no domicílio;1572;1737;1773;1732;1729;1702;1675;domicílios
9.1.1.1.1;Percetual em relação aos domicílios particulares permanentes;51.8;56.9;57.9;56.4;56.3;55.4;54.5;%
9.1.1.2;Nenhum beneficiário no domicílio;1461;1314;1289;1341;1341;1370;1400;domicílios
9.1.1.2.1;Percetual em relação aos domicílios particulares permanentes;48.2;43.1;42.1;43.6;43.7;44.6;45.5;%
9.1.2;Seguro-desemprego;;;;;;;;
9.1.2.1;Pelo menos um beneficiário no domicílio;62;48;57;46;54;41;32;domicílios
9.1.2.1.1;Percetual em relação aos domicílios particulares permanentes;2.0;1.6;1.9;1.5;1.7;1.3;1.0;%
9.1.2.2;Nenhum beneficiário no domicílio;2970;3003;3006;3026;3016;3031;3043;domicílios
9.1.2.2.1;Percetual em relação aos domicílios particulares permanentes;98.0;98.4;98.1;98.5;98.3;98.7;99.0;%
9.1.3;Bolsa família;;;;;;;;
9.1.3.1;Pelo menos um beneficiário no domicílio;554;260;241;234;254;363;402;domicílios
9.1.3.1.1;Percetual em relação aos domicílios particulares permanentes;18.3;8.5;7.9;7.6;8.3;11.8;13.1;%
9.1.3.2;Nenhum beneficiário no domicílio;2478;2791;2822;2839;2815;2710;2673;domicílios
9.1.3.2.1;Percetual em relação aos domicílios particulares permanentes;81.7;91.5;92.1;92.4;91.7;88.2;86.9;%
9.1.4;BPC;;;;;;;;
9.1.4.1;Pelo menos um beneficiário no domicílio;98;116;120;127;124;125;124;domicílios
9.1.4.1.1;Percetual em relação aos domicílios particulares permanentes;3.2;3.8;3.9;4.1;4.0;4.1;4.0;%
9.1.4.2;Nenhum beneficiário no domicílio;2935;2935;2943;2946;2945;2948;2950;domicílios
9.1.4.2.1;Percetual em relação aos domicílios particulares permanentes;96.8;96.2;96.1;95.9;96.0;95.9;96.0;%
9.1.5;Auxílio emergencial ou Seguro-desemprego ou Bolsa família ou BPC;;;;;;;;
9.1.5.1;Pelo menos um beneficiário no domicílio;1724;1843;1876;1843;1841;1821;1796;domicílios
9.1.5.1.1;Percetual em relação aos domicílios particulares permanentes;56.8;60.4;61.2;60.0;60.0;59.3;58.4;%
9.1.5.2;Nenhum beneficiário no domicílio;1309;1208;1187;1229;1229;1251;1278;domicílios
9.1.5.2.1;Percetual em relação aos domicílios particulares permanentes;43.2;39.6;38.8;40.0;40.0;40.7;41.6;%
10;Massa de rendimento médio real recebido de todos os trabalhos das pessoas ocupadas com rendimento do trabalho;;;;;;;;
10.1;Normal;5966;6007;5899;5794;5861;5827;5922;R$
10.2;Efetivo;4622;4750;5117;5212;5389;5472;5596;R$
10.3;Sexo;;;;;;;;
10.3.1;Homem;;;;;;;;
10.3.1.1;Normal;;;;;;;;R$
10.3.1.2;Efetivo;;;;;;;;R$
10.3.2;Mulher;;;;;;;;
10.3.2.1;Normal;;;;;;;;R$
10.3.2.2;Efetivo;;;;;;;;R$
10.4;Cor ou raça;;;;;;;;
10.4.1;Branca;;;;;;;;
10.4.1.1;Normal;;;;;;;;R$
10.4.1.2;Efetivo;;;;;;;;R$
10.4.2;Preta ou parda;;;;;;;;
10.4.2.1;Normal;;;;;;;;R$
10.4.2.2;Efetivo;;;;;;;;R$
10.5;Grupos de idade;;;;;;;;
10.5.1;14 a 29 anos;;;;;;;;
10.5.1.1;Normal;;;;;;;;R$
10.5.1.2;Efetivo;;;;;;;;R$
10.5.2;30 a 49 anos;;;;;;;;
10.5.2.1;Normal;;;;;;;;R$
10.5.2.2;Efetivo;;;;;;;;R$
10.5.3;50 a 59 anos;;;;;;;;
10.5.3.1;Normal;;;;;;;;R$
10.5.3.2;Efetivo;;;;;;;;R$
10.5.4;60 anos ou mais;;;;;;;;
10.5.4.1;Normal;;;;;;;;R$
10.5.4.2;Efetivo;;;;;;;;R$
10.6;Nível de instrução;;;;;;;;
10.6.1;Sem instrução ao fundamental incompleto;;;;;;;;
10.6.1.1;Normal;;;;;;;;R$
10.6.1.2;Efetivo;;;;;;;;R$
10.6.2;Fundamental completo ao médio incompleto;;;;;;;;
10.6.2.1;Normal;;;;;;;;R$
10.6.2.2;Efetivo;;;;;;;;R$
10.6.3;Médio completo ao superior incompleto;;;;;;;;
10.6.3.1;Normal;;;;;;;;R$
10.6.3.2;Efetivo;;;;;;;;R$
10.6.4;Superior completo ou pós-graduação;;;;;;;;
10.6.4.1;Normal;;;;;;;;R$
10.6.4.2;Efetivo;;;;;;;;R$
10.7;Posição na ocupação;;;;;;;;
10.7.1;Empregado do setor privado com carteira assinada;;;;;;;;
10.7.1.1;Normal;;;;;;;;R$
10.7.1.2;Efetivo;;;;;;;;R$
10.7.2;Empregado do setor privado sem carteira assinada;;;;;;;;
10.7.2.1;Normal;;;;;;;;R$
10.7.2.2;Efetivo;;;;;;;;R$
10.7.3;Trabalhador doméstico com carteira assinada;;;;;;;;
10.7.3.1;Normal;;;;;;;;R$
10.7.3.2;Efetivo;;;;;;;;R$
10.7.4;Trabalhador doméstico sem carteira assinada;;;;;;;;
10.7.4.1;Normal;;;;;;;;R$
10.7.4.2;Efetivo;;;;;;;;R$
10.7.5;Empregado do setor público com carteira assinada;;;;;;;;
10.7.5.1;Normal;;;;;;;;R$
10.7.5.2;Efetivo;;;;;;;;R$
10.7.6;Empregado do setor público sem carteira assinada;;;;;;;;
10.7.6.1;Normal;;;;;;;;R$
10.7.6.2;Efetivo;;;;;;;;R$
10.7.7;Militar e servidor estatutário;;;;;;;;
10.7.7.1;Normal;;;;;;;;R$
10.7.7.2;Efetivo;;;;;;;;R$
10.7.8;Empregador;;;;;;;;
10.7.8.1;Normal;;;;;;;;R$
10.7.8.2;Efetivo;;;;;;;;R$
10.7.9;Autônomo (Por conta própria);;;;;;;;
10.7.9.1;Normal;;;;;;;;R$
10.7.9.2;Efetivo;;;;;;;;R$
10.7.10;Trabalhador familiar auxiliar;;;;;;;;
10.7.10.1;Normal;;;;;;;;R$
10.7.10.2;Efetivo;;;;;;;;R$
11;Pessoas responsáveis pelo domicílio;3032;3051;3063;3073;3069;3072;3075;pessoas
11.1;Por benefício do governo federal;;;;;;;;
11.1.1;Auxílio emergencial;;;;;;;;
11.1.1.1;Algum responsável recebe auxílio;1572;1737;1773;1732;1729;1702;1675;pessoas
11.1.1.2;Nenhum responsável recebe auxílio;1461;1314;1289;1341;1341;1370;1400;pessoas
11.1.2;Seguro-desemprego;;;;;;;;
11.1.2.1;Algum responsável recebe auxílio;62;48;57;46;54;41;32;pessoas
11.1.2.2;Nenhum responsável recebe auxílio;2970;3003;3006;3026;3016;3031;3043;pessoas
11.1.3;Bolsa família;;;;;;;;
11.1.3.1;Algum responsável recebe auxílio;;;;;;;;pessoas
11.1.3.2;Nenhum responsável recebe auxílio;;;;;;;;pessoas
11.1.4;BPC;;;;;;;;
11.1.4.1;Algum responsável recebe auxílio;;;;;;;;pessoas
11.1.4.2;Nenhum responsável recebe auxílio;;;;;;;;pessoas
11.1.5;Auxílio emergencial ou Seguro-desemprego ou Bolsa família ou BPC;;;;;;;;
11.1.5.1;Algum responsável recebe auxílio;1724;1843;1876;1843;1841;1821;1796;pessoas
11.1.5.2;Nenhum responsável recebe auxílio;1309;1208;1187;1229;1229;1251;1278;pessoas
11.2;Nível de instrução;;;;;;;;
11.2.1;Sem instrução ao fundamental incompleto;1157;1170;1161;1163;1157;1154;1166;pessoas
11.2.1.1;Percentual em relação à população responsável pelo domicílio;38.2;38.3;37.9;37.9;37.7;37.6;37.9;%
11.2.1.2;Por benefício do governo federal;;;;;;;;
11.2.1.2.1;Auxílio emergencial;;;;;;;;
11.2.1.2.1.1;Algum responsável recebe auxílio;699;758;760;740;727;717;703;pessoas
11.2.1.2.1.1.1;Percentual em relação à população responsável pelo domicílio que recebe Auxílio emergencial;44.5;43.6;42.9;42.7;42.0;42.1;41.9;%
11.2.1.2.1.2;Nenhum responsável recebe auxílio;458;412;401;423;430;437;463;pessoas
11.2.1.2.1.2.1;Percentual em relação à população responsável pelo domicílio que NÃO recebe Auxílio emergencial;31.3;31.4;31.1;31.6;32.1;31.9;33.1;%
11.2.1.2.2;Seguro-desemprego;;;;;;;;
11.2.1.2.2.1;Algum responsável recebe auxílio;11;12;21;14;18;9;7;pessoas
11.2.1.2.2.1.1;Percentual em relação à população responsável pelo domicílio que recebe Seguro-desemprego;18.0;25.5;36.4;30.2;32.7;21.0;22.2;%
11.2.1.2.2.2;Nenhum responsável recebe auxílio;1146;1158;1141;1149;1139;1146;1159;pessoas
11.2.1.2.2.2.1;Percentual em relação à população responsável pelo domicílio que NÃO recebe Seguro-desemprego;38.6;38.6;37.9;38.0;37.8;37.8;38.1;%
11.2.1.2.3;Bolsa família;;;;;;;;
11.2.1.2.3.1;Algum responsável recebe auxílio;;;;;;;;pessoas
11.2.1.2.3.1.1;Percentual em relação à população responsável pelo domicílio que recebe Bolsa Família;;;;;;;;%
11.2.1.2.3.2;Nenhum responsável recebe auxílio;;;;;;;;pessoas
11.2.1.2.3.2.1;Percentual em relação à população responsável pelo domicílio que NÃO recebe Bolsa Família;;;;;;;;%
11.2.1.2.4;BPC;;;;;;;;
11.2.1.2.4.1;Algum responsável recebe auxílio;;;;;;;;pessoas
11.2.1.2.4.1.1;Percentual em relação à população responsável pelo domicílio que recebe BPC;;;;;;;;%
11.2.1.2.4.2;Nenhum responsável recebe auxílio;;;;;;;;pessoas
11.2.1.2.4.2.1;Percentual em relação à população responsável pelo domicílio que NÃO recebe BPC;;;;;;;;%
11.2.1.2.5;Auxílio emergencial ou Seguro-desemprego ou Bolsa família ou BPC;;;;;;;;
11.2.1.2.5.1;Algum responsável recebe auxílio;766;810;814;798;785;778;769;pessoas
11.2.1.2.5.1.1;Percentual em relação à população responsável pelo domicílio que recebe Auxílio emergencial ou Seguro-desemprego ou Bolsa família ou BPC;44.4;44.0;43.4;43.3;42.7;42.7;42.8;%
11.2.1.2.5.2;Nenhum responsável recebe auxílio;391;360;347;365;372;377;397;pessoas
11.2.1.2.5.2.1;Percentual em relação à população responsável pelo domicílio que NÃO recebe Auxílio emergencial ou Seguro-desemprego ou Bolsa família ou BPC;29.9;29.8;29.2;29.7;30.2;30.1;31.0;%
11.2.2;Fundamental completo ao médio incompleto;423;425;427;431;428;439;438;pessoas
11.2.2.1;Percentual em relação à população responsável pelo domicílio;13.9;13.9;13.9;14.0;13.9;14.3;14.2;%
11.2.2.2;Por benefício do governo federal;;;;;;;;
11.2.2.2.1;Auxílio emergencial;;;;;;;;
11.2.2.2.1.1;Algum responsável recebe auxílio;261;296;293;296;295;291;292;pessoas
11.2.2.2.1.1.1;Percentual em relação à população responsável pelo domicílio que recebe Auxílio emergencial;16.6;17.0;16.5;17.1;17.1;17.1;17.4;%
11.2.2.2.1.2;Nenhum responsável recebe auxílio;162;130;134;136;133;148;146;pessoas
11.2.2.2.1.2.1;Percentual em relação à população responsável pelo domicílio que NÃO recebe Auxílio emergencial;11.1;9.9;10.4;10.1;9.9;10.8;10.4;%
11.2.2.2.2;Seguro-desemprego;;;;;;;;
11.2.2.2.2.1;Algum responsável recebe auxílio;6;7;8;6;6;5;7;pessoas
11.2.2.2.2.1.1;Percentual em relação à população responsável pelo domicílio que recebe Seguro-desemprego;9.0;15.0;14.2;13.5;11.5;11.8;21.3;%
11.2.2.2.2.2;Nenhum responsável recebe auxílio;417;418;419;425;422;434;431;pessoas
11.2.2.2.2.2.1;Percentual em relação à população responsável pelo domicílio que NÃO recebe Seguro-desemprego;14.1;13.9;13.9;14.1;14.0;14.3;14.2;%
11.2.2.2.3;Bolsa família;;;;;;;;
11.2.2.2.3.1;Algum responsável recebe auxílio;;;;;;;;pessoas
11.2.2.2.3.1.1;Percentual em relação à população responsável pelo domicílio que recebe Bolsa Família;;;;;;;;%
11.2.2.2.3.2;Nenhum responsável recebe auxílio;;;;;;;;pessoas
11.2.2.2.3.2.1;Percentual em relação à população responsável pelo domicílio que NÃO recebe Bolsa Família;;;;;;;;%
11.2.2.2.4;BPC;;;;;;;;
11.2.2.2.4.1;Algum responsável recebe auxílio;;;;;;;;pessoas
11.2.2.2.4.1.1;Percentual em relação à população responsável pelo domicílio que recebe BPC;;;;;;;;%
11.2.2.2.4.2;Nenhum responsável recebe auxílio;;;;;;;;pessoas
11.2.2.2.4.2.1;Percentual em relação à população responsável pelo domicílio que NÃO recebe BPC;;;;;;;;%
11.2.2.2.5;Auxílio emergencial ou Seguro-desemprego ou Bolsa família ou BPC;;;;;;;;
11.2.2.2.5.1;Algum responsável recebe auxílio;282;308;306;311;309;310;313;pessoas
11.2.2.2.5.1.1;Percentual em relação à população responsável pelo domicílio que recebe Auxílio emergencial ou Seguro-desemprego ou Bolsa família ou BPC;16.3;16.7;16.3;16.9;16.8;17.0;17.4;%
11.2.2.2.5.2;Nenhum responsável recebe auxílio;141;117;120;121;119;129;125;pessoas
11.2.2.2.5.2.1;Percentual em relação à população responsável pelo domicílio que NÃO recebe Auxílio emergencial ou Seguro-desemprego ou Bolsa família ou BPC;10.8;9.7;10.1;9.8;9.7;10.3;9.8;%
11.2.3;Médio completo ao superior incompleto;999;995;999;1009;1014;1018;1007;pessoas
11.2.3.1;Percentual em relação à população responsável pelo domicílio;32.9;32.6;32.6;32.8;33.0;33.1;32.8;%
11.2.3.2;Por benefício do governo federal;;;;;;;;
11.2.3.2.1;Auxílio emergencial;;;;;;;;
11.2.3.2.1.1;Algum responsável recebe auxílio;495;554;587;577;582;569;556;pessoas
11.2.3.2.1.1.1;Percentual em relação à população responsável pelo domicílio que recebe Auxílio emergencial;31.5;31.9;33.1;33.3;33.7;33.4;33.2;%
11.2.3.2.1.2;Nenhum responsável recebe auxílio;504;442;412;432;432;448;451;pessoas
11.2.3.2.1.2.1;Percentual em relação à população responsável pelo domicílio que NÃO recebe Auxílio emergencial;34.5;33.6;32.0;32.2;32.3;32.7;32.3;%
11.2.3.2.2;Seguro-desemprego;;;;;;;;
11.2.3.2.2.1;Algum responsável recebe auxílio;41;26;24;23;24;23;15;pessoas
11.2.3.2.2.1.1;Percentual em relação à população responsável pelo domicílio que recebe Seguro-desemprego;66.0;53.9;42.6;49.6;44.5;56.1;46.8;%
11.2.3.2.2.2;Nenhum responsável recebe auxílio;958;969;975;986;991;995;993;pessoas
11.2.3.2.2.2.1;Percentual em relação à população responsável pelo domicílio que NÃO recebe Seguro-desemprego;32.3;32.3;32.4;32.6;32.8;32.8;32.6;%
11.2.3.2.3;Bolsa família;;;;;;;;
11.2.3.2.3.1;Algum responsável recebe auxílio;;;;;;;;pessoas
11.2.3.2.3.1.1;Percentual em relação à população responsável pelo domicílio que recebe Bolsa Família;;;;;;;;%
11.2.3.2.3.2;Nenhum responsável recebe auxílio;;;;;;;;pessoas
11.2.3.2.3.2.1;Percentual em relação à população responsável pelo domicílio que NÃO recebe Bolsa Família;;;;;;;;%
11.2.3.2.4;BPC;;;;;;;;
11.2.3.2.4.1;Algum responsável recebe auxílio;;;;;;;;pessoas
11.2.3.2.4.1.1;Percentual em relação à população responsável pelo domicílio que recebe BPC;;;;;;;;%
11.2.3.2.4.2;Nenhum responsável recebe auxílio;;;;;;;;pessoas
11.2.3.2.4.2.1;Percentual em relação à população responsável pelo domicílio que NÃO recebe BPC;;;;;;;;%
11.2.3.2.5;Auxílio emergencial ou Seguro-desemprego ou Bolsa família ou BPC;;;;;;;;
11.2.3.2.5.1;Algum responsável recebe auxílio;554;588;617;609;614;602;584;pessoas
11.2.3.2.5.1.1;Percentual em relação à população responsável pelo domicílio que recebe Auxílio emergencial ou Seguro-desemprego ou Bolsa família ou BPC;32.1;31.9;32.9;33.0;33.4;33.1;32.5;%
11.2.3.2.5.2;Nenhum responsável recebe auxílio;446;407;383;399;400;415;423;pessoas
11.2.3.2.5.2.1;Percentual em relação à população responsável pelo domicílio que NÃO recebe Auxílio emergencial ou Seguro-desemprego ou Bolsa família ou BPC;34.0;33.7;32.2;32.5;32.6;33.2;33.1;%
11.2.4;Superior completo ou pós-graduação;453;460;475;469;470;462;463;pessoas
11.2.4.1;Percentual em relação à população responsável pelo domicílio;14.9;15.1;15.5;15.3;15.3;15.0;15.1;%
11.2.4.2;Por benefício do governo federal;;;;;;;;
11.2.4.2.1;Auxílio emergencial;;;;;;;;
11.2.4.2.1.1;Algum responsável recebe auxílio;116;130;132;119;125;125;125;pessoas
11.2.4.2.1.1.1;Percentual em relação à população responsável pelo domicílio que recebe Auxílio emergencial;7.4;7.5;7.5;6.9;7.2;7.3;7.4;%
11.2.4.2.1.2;Nenhum responsável recebe auxílio;337;330;343;350;345;337;339;pessoas
11.2.4.2.1.2.1;Percentual em relação à população responsável pelo domicílio que NÃO recebe Auxílio emergencial;23.1;25.1;26.6;26.1;25.7;24.6;24.2;%
11.2.4.2.2;Seguro-desemprego;;;;;;;;
11.2.4.2.2.1;Algum responsável recebe auxílio;4;3;4;3;6;5;3;pessoas
11.2.4.2.2.1.1;Percentual em relação à população responsável pelo domicílio que recebe Seguro-desemprego;7.1;5.6;6.7;6.7;11.3;11.1;9.7;%
11.2.4.2.2.2;Nenhum responsável recebe auxílio;449;458;471;466;464;457;460;pessoas
11.2.4.2.2.2.1;Percentual em relação à população responsável pelo domicílio que NÃO recebe Seguro-desemprego;15.1;15.2;15.7;15.4;15.4;15.1;15.1;%
11.2.4.2.3;Bolsa família;;;;;;;;
11.2.4.2.3.1;Algum responsável recebe auxílio;;;;;;;;pessoas
11.2.4.2.3.1.1;Percentual em relação à população responsável pelo domicílio que recebe Bolsa Família;;;;;;;;%
11.2.4.2.3.2;Nenhum responsável recebe auxílio;;;;;;;;pessoas
11.2.4.2.3.2.1;Percentual em relação à população responsável pelo domicílio que NÃO recebe Bolsa Família;;;;;;;;%
11.2.4.2.4;BPC;;;;;;;;
11.2.4.2.4.1;Algum responsável recebe auxílio;;;;;;;;pessoas
11.2.4.2.4.1.1;Percentual em relação à população responsável pelo domicílio que recebe BPC;;;;;;;;%
11.2.4.2.4.2;Nenhum responsável recebe auxílio;;;;;;;;pessoas
11.2.4.2.4.2.1;Percentual em relação à população responsável pelo domicílio que NÃO recebe BPC;;;;;;;;%
11.2.4.2.5;Auxílio emergencial ou Seguro-desemprego ou Bolsa família ou BPC;;;;;;;;
11.2.4.2.5.1;Algum responsável recebe auxílio;122;136;138;125;132;131;130;pessoas
11.2.4.2.5.1.1;Percentual em relação à população responsável pelo domicílio que recebe Auxílio emergencial ou Seguro-desemprego ou Bolsa família ou BPC;7.1;7.4;7.4;6.8;7.2;7.2;7.2;%
11.2.4.2.5.2;Nenhum responsável recebe auxílio;331;325;337;344;338;331;333;pessoas
11.2.4.2.5.2.1;Percentual em relação à população responsável pelo domicílio que NÃO recebe Auxílio emergencial ou Seguro-desemprego ou Bolsa família ou BPC;25.3;26.9;28.4;28.0;27.5;26.4;26.1;%
12;Saúde - Pessoas que apresentaram sintoma(s);;;;;;;;
12.1;Tipo de sintoma;;;;;;;;
12.1.1;Perda de cheiro ou de sabor;;;;;;;;pessoas
12.1.1.1;Percentual em relação à população;;;;;;;;%
12.1.1.2;Sexo;;;;;;;;
12.1.1.2.1;Homem;;;;;;;;pessoas
12.1.1.2.1.1;Percentual em relação à população que apresentaram perda de cheiro ou de sabor;;;;;;;;%
12.1.1.2.2;Mulher;;;;;;;;pessoas
12.1.1.2.2.1;Percentual em relação à população que apresentaram perda de cheiro ou de sabor;;;;;;;;%
12.1.1.3;Cor ou raça;;;;;;;;
12.1.1.3.1;Branca;;;;;;;;pessoas
12.1.1.3.1.1;Percentual em relação à população que apresentaram perda de cheiro ou de sabor;;;;;;;;%
12.1.1.3.2;Preta ou parda;;;;;;;;pessoas
12.1.1.3.2.1;Percentual em relação à população que apresentaram perda de cheiro ou de sabor;;;;;;;;%
12.1.1.4;Grupos de idade;;;;;;;;
12.1.1.4.1;0 a 59 anos de idade;;;;;;;;pessoas
12.1.1.4.1.1;Percentual em relação à população que apresentaram perda de cheiro ou de sabor;;;;;;;;%
12.1.1.4.1.2;Grupos de idade;;;;;;;;
12.1.1.4.1.2.1;0 a 9 anos de idade;;;;;;;;pessoas
12.1.1.4.1.2.1.1;Percentual em relação à população que apresentaram perda de cheiro ou de sabor;;;;;;;;%
12.1.1.4.1.2.2;10 a 19 anos de idade;;;;;;;;pessoas
12.1.1.4.1.2.2.1;Percentual em relação à população que apresentaram perda de cheiro ou de sabor;;;;;;;;%
12.1.1.4.1.2.3;20 a 29 anos de idade;;;;;;;;pessoas
12.1.1.4.1.2.3.1;Percentual em relação à população que apresentaram perda de cheiro ou de sabor;;;;;;;;%
12.1.1.4.1.2.4;30 a 59 anos de idade;;;;;;;;pessoas
12.1.1.4.1.2.4.1;Percentual em relação à população que apresentaram perda de cheiro ou de sabor;;;;;;;;%
12.1.1.4.2;60 anos ou mais;;;;;;;;pessoas
12.1.1.4.2.1;Percentual em relação à população que apresentaram perda de cheiro ou de sabor;;;;;;;;%
12.1.1.5;Nível de instrução;;;;;;;;
12.1.1.5.1;Sem instrução ao fundamental incompleto;;;;;;;;pessoas
12.1.1.5.1.1;Percentual em relação à população que apresentaram perda de cheiro ou de sabor;;;;;;;;%
12.1.1.5.2;Fundamental completo ao médio incompleto;;;;;;;;pessoas
12.1.1.5.2.1;Percentual em relação à população que apresentaram perda de cheiro ou de sabor;;;;;;;;%
12.1.1.5.3;Médio completo ao superior incompleto;;;;;;;;pessoas
12.1.1.5.3.1;Percentual em relação à população que apresentaram perda de cheiro ou de sabor;;;;;;;;%
12.1.1.5.4;Superior completo ou pós-graduação;;;;;;;;pessoas
12.1.1.5.4.1;Percentual em relação à população que apresentaram perda de cheiro ou de sabor;;;;;;;;%
12.1.2;Tosse, febre e dificuldade para respirar;;;;;;;;pessoas
12.1.2.1;Percentual em relação à população;;;;;;;;%
12.1.2.2;Sexo;;;;;;;;
12.1.2.2.1;Homem;;;;;;;;pessoas
12.1.2.2.1.1;Percentual em relação à população que apresentaram tosse, febre e dificuldade para respirar;;;;;;;;%
12.1.2.2.2;Mulher;;;;;;;;pessoas
12.1.2.2.2.1;Percentual em relação à população que apresentaram tosse, febre e dificuldade para respirar;;;;;;;;%
12.1.2.3;Cor ou raça;;;;;;;;
12.1.2.3.1;Branca;;;;;;;;pessoas
12.1.2.3.1.1;Percentual em relação à população que apresentaram tosse, febre e dificuldade para respirar;;;;;;;;%
12.1.2.3.2;Preta ou parda;;;;;;;;pessoas
12.1.2.3.2.1;Percentual em relação à população que apresentaram tosse, febre e dificuldade para respirar;;;;;;;;%
12.1.2.4;Grupos de idade;;;;;;;;
12.1.2.4.1;0 a 59 anos de idade;;;;;;;;pessoas
12.1.2.4.1.1;Percentual em relação à população que apresentaram tosse, febre e dificuldade para respirar;;;;;;;;%
12.1.2.4.1.2;Grupos de idade;;;;;;;;
12.1.2.4.1.2.1;0 a 9 anos de idade;;;;;;;;pessoas
12.1.2.4.1.2.1.1;Percentual em relação à população que apresentaram tosse, febre e dificuldade para respirar;;;;;;;;%
12.1.2.4.1.2.2;10 a 19 anos de idade;;;;;;;;pessoas
12.1.2.4.1.2.2.1;Percentual em relação à população que apresentaram tosse, febre e dificuldade para respirar;;;;;;;;%
12.1.2.4.1.2.3;20 a 29 anos de idade;;;;;;;;pessoas
12.1.2.4.1.2.3.1;Percentual em relação à população que apresentaram tosse, febre e dificuldade para respirar;;;;;;;;%
12.1.2.4.1.2.4;30 a 59 anos de idade;;;;;;;;pessoas
12.1.2.4.1.2.4.1;Percentual em relação à população que apresentaram tosse, febre e dificuldade para respirar;;;;;;;;%
12.1.2.4.2;60 anos ou mais;;;;;;;;pessoas
12.1.2.4.2.1;Percentual em relação à população que apresentaram tosse, febre e dificuldade para respirar;;;;;;;;%
12.1.2.5;Nível de instrução;;;;;;;;
12.1.2.5.1;Sem instrução ao fundamental incompleto;;;;;;;;pessoas
12.1.2.5.1.1;Percentual em relação à população que apresentaram tosse, febre e dificuldade para respirar;;;;;;;;%
12.1.2.5.2;Fundamental completo ao médio incompleto;;;;;;;;pessoas
12.1.2.5.2.1;Percentual em relação à população que apresentaram tosse, febre e dificuldade para respirar;;;;;;;;%
12.1.2.5.3;Médio completo ao superior incompleto;;;;;;;;pessoas
12.1.2.5.3.1;Percentual em relação à população que apresentaram tosse, febre e dificuldade para respirar;;;;;;;;%
12.1.2.5.4;Superior completo ou pós-graduação;;;;;;;;pessoas
12.1.2.5.4.1;Percentual em relação à população que apresentaram tosse, febre e dificuldade para respirar;;;;;;;;%
12.1.3;Tosse, febre e dor no peito;;;;;;;;pessoas
12.1.3.1;Percentual em relação à população;;;;;;;;%
12.1.3.2;Sexo;;;;;;;;
12.1.3.2.1;Homem;;;;;;;;pessoas
12.1.3.2.1.1;Percentual em relação à população que apresentaram tosse, febre e dor no peito;;;;;;;;%
12.1.3.2.2;Mulher;;;;;;;;pessoas
12.1.3.2.2.1;Percentual em relação à população que apresentaram tosse, febre e dor no peito;;;;;;;;%
12.1.3.3;Cor ou raça;;;;;;;;
12.1.3.3.1;Branca;;;;;;;;pessoas
12.1.3.3.1.1;Percentual em relação à população que apresentaram tosse, febre e dor no peito;;;;;;;;%
12.1.3.3.2;Preta ou parda;;;;;;;;pessoas
12.1.3.3.2.1;Percentual em relação à população que apresentaram tosse, febre e dor no peito;;;;;;;;%
12.1.3.4;Grupos de idade;;;;;;;;
12.1.3.4.1;0 a 59 anos de idade;;;;;;;;pessoas
12.1.3.4.1.1;Percentual em relação à população que apresentaram tosse, febre e dor no peito;;;;;;;;%
12.1.3.4.1.2;Grupos de idade;;;;;;;;
12.1.3.4.1.2.1;0 a 9 anos de idade;;;;;;;;pessoas
12.1.3.4.1.2.1.1;Percentual em relação à população que apresentaram tosse, febre e dor no peito;;;;;;;;%
12.1.3.4.1.2.2;10 a 19 anos de idade;;;;;;;;pessoas
12.1.3.4.1.2.2.1;Percentual em relação à população que apresentaram tosse, febre e dor no peito;;;;;;;;%
12.1.3.4.1.2.3;20 a 29 anos de idade;;;;;;;;pessoas
12.1.3.4.1.2.3.1;Percentual em relação à população que apresentaram tosse, febre e dor no peito;;;;;;;;%
12.1.3.4.1.2.4;30 a 59 anos de idade;;;;;;;;pessoas
12.1.3.4.1.2.4.1;Percentual em relação à população que apresentaram tosse, febre e dor no peito;;;;;;;;%
12.1.3.4.2;60 anos ou mais;;;;;;;;pessoas
12.1.3.4.2.1;Percentual em relação à população que apresentaram tosse, febre e dor no peito;;;;;;;;%
12.1.3.5;Nível de instrução;;;;;;;;
12.1.3.5.1;Sem instrução ao fundamental incompleto;;;;;;;;pessoas
12.1.3.5.1.1;Percentual em relação à população que apresentaram tosse, febre e dor no peito;;;;;;;;%
12.1.3.5.2;Fundamental completo ao médio incompleto;;;;;;;;pessoas
12.1.3.5.2.1;Percentual em relação à população que apresentaram tosse, febre e dor no peito;;;;;;;;%
12.1.3.5.3;Médio completo ao superior incompleto;;;;;;;;pessoas
12.1.3.5.3.1;Percentual em relação à população que apresentaram tosse, febre e dor no peito;;;;;;;;%
12.1.3.5.4;Superior completo ou pós-graduação;;;;;;;;pessoas
12.1.3.5.4.1;Percentual em relação à população que apresentaram tosse, febre e dor no peito;;;;;;;;%
12.1.4;Sintomas referenciados conjugados;;;;;;;;pessoas
12.1.4.1;Percentual em relação à população;3.6;1.5;0.9;0.6;0.3;0.2;0.5;%
12.1.4.2;Sexo;;;;;;;;
12.1.4.2.1;Homem;;;;;;;;pessoas
12.1.4.2.1.1;Percentual em relação à população;;;;;;;;%
12.1.4.2.1.2;Percentual em relação à população que apresentaram sintomas referenciados conjugados;;;;;;;;%
12.1.4.2.2;Mulher;;;;;;;;pessoas
12.1.4.2.2.1;Percentual em relação à população;;;;;;;;%
12.1.4.2.2.2;Percentual em relação à população que apresentaram sintomas referenciados conjugados;;;;;;;;%
12.1.4.3;Cor ou raça;;;;;;;;
12.1.4.3.1;Branca;;;;;;;;pessoas
12.1.4.3.1.1;Percentual em relação à população;;;;;;;;%
12.1.4.3.1.2;Percentual em relação à população que apresentaram sintomas referenciados conjugados;;;;;;;;%
12.1.4.3.2;Preta ou parda;;;;;;;;pessoas
12.1.4.3.2.1;Percentual em relação à população;;;;;;;;%
12.1.4.3.2.2;Percentual em relação à população que apresentaram sintomas referenciados conjugados;;;;;;;;%
12.1.4.4;Grupos de idade;;;;;;;;
12.1.4.4.1;0 a 59 anos de idade;;;;;;;;pessoas
12.1.4.4.1.1;Percentual em relação à população;;;;;;;;%
12.1.4.4.1.2;Percentual em relação à população que apresentaram sintomas referenciados conjugados;;;;;;;;%
12.1.4.4.1.3;Grupos de idade;;;;;;;;
12.1.4.4.1.3.1;0 a 9 anos de idade;;;;;;;;pessoas
12.1.4.4.1.3.1.1;Percentual em relação à população;;;;;;;;%
12.1.4.4.1.3.1.2;Percentual em relação à população que apresentaram sintomas referenciados conjugados;;;;;;;;%
12.1.4.4.1.3.2;10 a 19 anos de idade;;;;;;;;pessoas
12.1.4.4.1.3.2.1;Percentual em relação à população;;;;;;;;%
12.1.4.4.1.3.2.2;Percentual em relação à população que apresentaram sintomas referenciados conjugados;;;;;;;;%
12.1.4.4.1.3.3;20 a 29 anos de idade;;;;;;;;pessoas
12.1.4.4.1.3.3.1;Percentual em relação à população;;;;;;;;%
12.1.4.4.1.3.3.2;Percentual em relação à população que apresentaram sintomas referenciados conjugados;;;;;;;;%
12.1.4.4.1.3.4;30 a 59 anos de idade;;;;;;;;pessoas
12.1.4.4.1.3.4.1;Percentual em relação à população;;;;;;;;%
12.1.4.4.1.3.4.2;Percentual em relação à população que apresentaram sintomas referenciados conjugados;;;;;;;;%
12.1.4.4.2;60 anos ou mais;;;;;;;;pessoas
12.1.4.4.2.1;Percentual em relação à população;;;;;;;;%
12.1.4.4.2.2;Percentual em relação à população que apresentaram sintomas referenciados conjugados;;;;;;;;%
12.1.4.5;Nível de instrução;;;;;;;;
12.1.4.5.1;Sem instrução ao fundamental incompleto;;;;;;;;pessoas
12.1.4.5.1.1;Percentual em relação à população;;;;;;;;%
12.1.4.5.1.2;Percentual em relação à população que apresentaram sintomas referenciados conjugados;;;;;;;;%
12.1.4.5.2;Fundamental completo ao médio incompleto;;;;;;;;pessoas
12.1.4.5.2.1;Percentual em relação à população;;;;;;;;%
12.1.4.5.2.2;Percentual em relação à população que apresentaram sintomas referenciados conjugados;;;;;;;;%
12.1.4.5.3;Médio completo ao superior incompleto;;;;;;;;pessoas
12.1.4.5.3.1;Percentual em relação à população;;;;;;;;%
12.1.4.5.3.2;Percentual em relação à população que apresentaram sintomas referenciados conjugados;;;;;;;;%
12.1.4.5.4;Superior completo ou pós-graduação;;;;;;;;pessoas
12.1.4.5.4.1;Percentual em relação à população;;;;;;;;%
12.1.4.5.4.2;Percentual em relação à população que apresentaram sintomas referenciados conjugados;;;;;;;;%
12.2;Por procura a estabelecimento de saúde - Sim ;;;;;;;;
12.2.1;Local de atendimento;;;;;;;;
12.2.1.1;Hospital público, privado ou ligado às forças armadas;;;;;;;;pessoas
12.2.1.1.1;Condição de internação – Internada;;;;;;;;pessoas
12.2.1.1.1.1;Sexo;;;;;;;;
12.2.1.1.1.1.1;Homem;;;;;;;;pessoas
12.2.1.1.1.1.1.1;Percentual em relação à população internada;;;;;;;;%
12.2.1.1.1.1.2;Mulher;;;;;;;;pessoas
12.2.1.1.1.1.2.1;Percentual em relação à população internada;;;;;;;;%
12.2.1.1.1.2;Cor ou raça;;;;;;;;
12.2.1.1.1.2.1;Branca;;;;;;;;pessoas
12.2.1.1.1.2.1.1;Percentual em relação à população internada;;;;;;;;%
12.2.1.1.1.2.2;Preta ou parda;;;;;;;;pessoas
12.2.1.1.1.2.2.1;Percentual em relação à população internada;;;;;;;;%
12.2.1.1.1.3;Grupos de idade;;;;;;;;
12.2.1.1.1.3.1;0 a 59 anos de idade;;;;;;;;pessoas
12.2.1.1.1.3.1.1;Percentual em relação à população internada;;;;;;;;%
12.2.1.1.1.3.2;60 anos ou mais de idade;;;;;;;;pessoas
12.2.1.1.1.3.2.1;Percentual em relação à população internada;;;;;;;;%
12.2.1.1.1.4;Uso de sedação, intubação e respiração artificial;;;;;;;;pessoas
12.2.1.1.1.4.1;Sexo;;;;;;;;
12.2.1.1.1.4.1.1;Homem;;;;;;;;pessoas
12.2.1.1.1.4.1.1.1;Percentual em relação à população internada e que fez uso de sedação, intubação e respiração artificial ;;;;;;;;%
12.2.1.1.1.4.1.2;Mulher;;;;;;;;pessoas
12.2.1.1.1.4.1.2.1;Percentual em relação à população internada e que fez uso de sedação, intubação e respiração artificial ;;;;;;;;%
12.2.1.1.1.4.2;Cor ou raça;;;;;;;;
12.2.1.1.1.4.2.1;Branca;;;;;;;;pessoas
12.2.1.1.1.4.2.1.1;Percentual em relação à população internada e que fez uso de sedação, intubação e respiração artificial ;;;;;;;;%
12.2.1.1.1.4.2.2;Preta ou parda;;;;;;;;pessoas
12.2.1.1.1.4.2.2.1;Percentual em relação à população internada e que fez uso de sedação, intubação e respiração artificial ;;;;;;;;%
12.2.1.1.1.4.3;Grupos de idade;;;;;;;;
12.2.1.1.1.4.3.1;0 a 59 anos de idade;;;;;;;;pessoas
12.2.1.1.1.4.3.1.1;Percentual em relação à população internada e que fez uso de sedação, intubação e respiração artificial ;;;;;;;;%
12.2.1.1.1.4.3.2;60 anos ou mais de idade;;;;;;;;pessoas
12.2.1.1.1.4.3.2.1;Percentual em relação à população internada e que fez uso de sedação, intubação e respiração artificial ;;;;;;;;%
13;Pessoas que fizeram algum exame para saber se estavam infectadas com o Coronavírus;;;394;558;654;753;892;pessoas
13.1;Percentual em relação à população;0.0;0.0;4.1;5.8;6.8;7.9;9.3;%
13.2;Status do resultado do exame;;;;;;;;
13.2.1;Positivo;;;92;125;137;157;184;pessoas
13.2.1.1;Percentual em relação à população;0.0;0.0;1.0;1.3;1.4;1.6;1.9;%
13.2.1.2;Sexo;;;;;;;;
13.2.1.2.1;Homem;;;46;63;63;69;78;pessoas
13.2.1.2.1.1;Percentual em relação à população;0.0;0.0;1.0;1.4;1.4;1.5;1.7;%
13.2.1.2.1.2;Percentual em relação à população que fizeram algum exame para saber se estavam infectadas com o Coronavírus e cujo resultado foi positivo;0.0;0.0;49.5;50.0;46.4;43.7;42.4;%
13.2.1.2.2;Mulher;;;46;63;73;89;106;pessoas
13.2.1.2.2.1;Percentual em relação à população;0.0;0.0;0.9;1.3;1.5;1.8;2.1;%
13.2.1.2.2.2;Percentual em relação à população que fizeram algum exame para saber se estavam infectadas com o Coronavírus e cujo resultado foi positivo;0.0;0.0;50.5;50.0;53.6;56.3;57.6;%
13.2.1.3;Cor ou raça;;;;;;;;
13.2.1.3.1;Branca;;;34;49;53;60;76;pessoas
13.2.1.3.1.1;Percentual em relação à população;0.0;0.0;1.1;1.5;1.6;1.9;2.3;%
13.2.1.3.1.2;Percentual em relação à população que fizeram algum exame para saber se estavam infectadas com o Coronavírus e cujo resultado foi positivo;0.0;0.0;36.9;39.3;38.5;38.1;41.4;%
13.2.1.3.2;Preta ou parda;;;56;73;82;95;105;pessoas
13.2.1.3.2.1;Percentual em relação à população;0.0;0.0;0.9;1.2;1.3;1.5;1.7;%
13.2.1.3.2.2;Percentual em relação à população que fizeram algum exame para saber se estavam infectadas com o Coronavírus e cujo resultado foi positivo;0.0;0.0;60.6;58.2;59.9;60.5;57.1;%
13.2.1.4;Grupos de idades;;;;;;;;
13.2.1.4.1;0 a 59 anos de idade;;;80;111;125;141;165;pessoas
13.2.1.4.1.1;Percentual em relação à população;0.0;0.0;1.0;1.3;1.5;1.7;2.0;%
13.2.1.4.1.2;Percentual em relação à população que fizeram algum exame para saber se estavam infectadas com o Coronavírus e cujo resultado foi positivo;0.0;0.0;86.9;88.4;91.2;89.5;89.8;%
13.2.1.4.1.3;0 a 9 anos de idade;;;;;;;;pessoas
13.2.1.4.1.3.1;Percentual em relação à população;;;;;;;;%
13.2.1.4.1.3.2;Percentual em relação à população que fizeram algum exame para saber se estavam infectadas com o Coronavírus e cujo resultado foi positivo;;;;;;;;%
13.2.1.4.1.4;10 a 19 anos de idade;;;;;;;;pessoas
13.2.1.4.1.4.1;Percentual em relação à população;;;;;;;;%
13.2.1.4.1.4.2;Percentual em relação à população que fizeram algum exame para saber se estavam infectadas com o Coronavírus e cujo resultado foi positivo;;;;;;;;%
13.2.1.4.1.5;20 a 29 anos de idade;;;;;;;;pessoas
13.2.1.4.1.5.1;Percentual em relação à população;;;;;;;;%
13.2.1.4.1.5.2;Percentual em relação à população que fizeram algum exame para saber se estavam infectadas com o Coronavírus e cujo resultado foi positivo;;;;;;;;%
13.2.1.4.1.6;30 a 59 anos de idade;;;;;;;;pessoas
13.2.1.4.1.6.1;Percentual em relação à população;;;;;;;;%
13.2.1.4.1.6.2;Percentual em relação à população que fizeram algum exame para saber se estavam infectadas com o Coronavírus e cujo resultado foi positivo;;;;;;;;%
13.2.1.4.2;60 anos ou mais de idade;;;12;14;12;16;19;pessoas
13.2.1.4.2.1;Percentual em relação à população;0.0;0.0;1.0;1.2;1.0;1.3;1.5;%
13.2.1.4.2.2;Percentual em relação à população que fizeram algum exame para saber se estavam infectadas com o Coronavírus e cujo resultado foi positivo;0.0;0.0;13.1;11.6;8.8;10.5;10.2;%
13.2.1.5;Nível de instrução;;;;;;;;
13.2.1.5.1;Sem instrução ao fundamental incompleto;;;18;24;23;29;35;pessoas
13.2.1.5.1.1;Percentual em relação à população;0.0;0.0;0.4;0.5;0.5;0.7;0.8;%
13.2.1.5.1.2;Percentual em relação à população que fizeram algum exame para saber se estavam infectadas com o Coronavírus e cujo resultado foi positivo;0.0;0.0;19.6;18.9;16.6;18.5;19.2;%
13.2.1.5.2;Fundamental completo ao médio incompleto;;;13;16;17;16;19;pessoas
13.2.1.5.2.1;Percentual em relação à população;0.0;0.0;0.9;1.1;1.2;1.1;1.3;%
13.2.1.5.2.2;Percentual em relação à população que fizeram algum exame para saber se estavam infectadas com o Coronavírus e cujo resultado foi positivo;0.0;0.0;14.2;12.5;12.6;10.3;10.1;%
13.2.1.5.3;Médio completo ao superior incompleto;;;30;44;54;62;73;pessoas
13.2.1.5.3.1;Percentual em relação à população;0.0;0.0;1.1;1.6;1.9;2.2;2.7;%
13.2.1.5.3.2;Percentual em relação à população que fizeram algum exame para saber se estavam infectadas com o Coronavírus e cujo resultado foi positivo;0.0;0.0;32.7;35.2;39.5;39.2;39.8;%
13.2.1.5.4;Superior completo ou pós-graduação;;;31;42;43;50;57;pessoas
13.2.1.5.4.1;Percentual em relação à população;0.0;0.0;2.9;4.0;4.1;4.9;5.6;%
13.2.1.5.4.2;Percentual em relação à população que fizeram algum exame para saber se estavam infectadas com o Coronavírus e cujo resultado foi positivo;0.0;0.0;33.5;33.4;31.3;32.1;30.9;%
13.2.1.6;Rendimento real domiciliar per capita efetivamente recebido ;;;;;;;;
13.2.1.6.1;Menos de 1/2 salário mínimo;0.0;0.0;2.4;2.9;3.7;4.5;5.0;pessoas
13.2.1.6.1.1;Percentual em relação à população;0.0;0.0;0.6;0.6;0.5;0.7;0.8;%
13.2.1.6.1.2;Percentual em relação à população que fizeram algum exame para saber se estavam infectadas com o Coronavírus e cujo resultado foi positivo;0.0;0.0;22.0;13.9;12.3;16.9;17.9;%
13.2.1.6.2;1/2 a menos de 1 salário mínimo ;0.0;0.0;3.3;4.8;5.4;6.2;7.7;pessoas
13.2.1.6.2.1;Percentual em relação à população;0.0;0.0;0.7;1.3;1.4;1.5;1.6;%
13.2.1.6.2.2;Percentual em relação à população que fizeram algum exame para saber se estavam infectadas com o Coronavírus e cujo resultado foi positivo;0.0;0.0;29.1;38.3;37.3;31.7;28.1;%
13.2.1.6.3;1 a menos de 2 salários mínimos;0.0;0.0;5.4;8.6;9.8;11.6;15.0;pessoas
13.2.1.6.3.1;Percentual em relação à população;0.0;0.0;1.5;1.8;1.8;2.4;3.4;%
13.2.1.6.3.2;Percentual em relação à população que fizeram algum exame para saber se estavam infectadas com o Coronavírus e cujo resultado foi positivo;0.0;0.0;30.3;26.8;25.9;27.7;32.3;%
13.2.1.6.4;2 a menos de 4 salários mínimos;0.0;0.0;9.8;14.2;16.2;21.0;24.0;pessoas
13.2.1.6.4.1;Percentual em relação à população;0.0;0.0;2.2;3.5;4.4;4.9;6.0;%
13.2.1.6.4.2;Percentual em relação à população que fizeram algum exame para saber se estavam infectadas com o Coronavírus e cujo resultado foi positivo;0.0;0.0;12.8;14.4;17.0;16.0;15.3;%
13.2.1.6.5;4 ou mais salários mínimos;0.0;0.0;18.2;21.1;26.6;27.1;29.6;pessoas
13.2.1.6.5.1;Percentual em relação à população;0.0;0.0;2.5;3.6;4.4;5.3;4.7;%
13.2.1.6.5.2;Percentual em relação à população que fizeram algum exame para saber se estavam infectadas com o Coronavírus e cujo resultado foi positivo;0.0;0.0;5.8;6.6;7.4;7.6;6.5;%
13.2.2;Negativo;;;;;;;;
13.3;Tipo de exame;;;;;;;;
13.3.1;SWAB;;;121;203;237;279;374;pessoas
13.3.1.1;Percentual em relação à população;0.0;0.0;1.3;2.1;2.5;2.9;3.9;%
13.3.1.2;Status do resultado do exame;;;;;;;;
13.3.1.2.1;Positivo;;;39;57;57;69;89;pessoas
13.3.1.2.1.1;Percentual em relação à população que fizeram o exame SWAB;0.0;0.0;32.6;28.1;24.1;24.9;23.8;%
13.3.1.2.2;Negativo;;;69;128;164;195;251;pessoas
13.3.1.2.2.1;Percentual em relação à população que fizeram o exame SWAB;0.0;0.0;57.3;63.1;69.1;70.0;67.2;%
13.3.1.2.3;Inconclusivo;;;2;;0;0;;pessoas
13.3.1.2.3.1;Percentual em relação à população que fizeram o exame SWAB;0.0;0.0;1.4;0.0;0.1;0.1;0.0;%
13.3.2;Exame de sangue com furo no dedo;;;149;234;297;352;389;pessoas
13.3.2.1;Percentual em relação à população;0.0;0.0;1.6;2.4;3.1;3.7;4.1;%
13.3.2.2;Status do resultado do exame;;;;;;;;
13.3.2.2.1;Positivo;;;25;44;53;58;59;pessoas
13.3.2.2.1.1;Percentual em relação à população que fizeram o exame de sangue com furo no dedo;0.0;0.0;16.8;18.8;17.8;16.5;15.2;%
13.3.2.2.2;Negativo;;;121;187;241;291;326;pessoas
13.3.2.2.2.1;Percentual em relação à população que fizeram o exame de sangue com furo no dedo;0.0;0.0;81.0;80.0;80.9;82.6;83.8;%
13.3.2.2.3;Inconclusivo;;;1;0;1;2;2;pessoas
13.3.2.2.3.1;Percentual em relação à população que fizeram o exame de sangue com furo no dedo;0.0;0.0;0.4;0.1;0.2;0.5;0.4;%
13.3.3;Exame de sangue através da veia do braço;;;150;188;215;227;248;pessoas
13.3.3.1;Percentual em relação à população;0.0;0.0;1.6;2.0;2.3;2.4;2.6;%
13.3.3.2;Status do resultado do exame;;;;;;;;
13.3.3.2.1;Positivo;;;37;50;54;60;66;pessoas
13.3.3.2.1.1;Percentual em relação à população que fizeram o exame de sangue através da veia do braço;0.0;0.0;24.7;26.6;25.2;26.2;26.5;%
13.3.3.2.2;Negativo;;;101;132;157;160;175;pessoas
13.3.3.2.2.1;Percentual em relação à população que fizeram o exame de sangue através da veia do braço;0.0;0.0;67.6;70.3;72.6;70.6;70.3;%
13.3.3.2.3;Inconclusivo;;;2;1;1;2;1;pessoas
13.3.3.2.3.1;Percentual em relação à população que fizeram o exame de sangue através da veia do braço;0.0;0.0;1.2;0.7;0.6;0.9;0.2;%
13.4;Sexo;;;;;;;;
13.4.1;Homem;;;189;272;315;361;420;pessoas
13.4.1.1;Percentual em relação à população;0.0;0.0;4.1;5.9;6.9;7.8;9.1;%
13.4.1.2;Percentual em relação à população que fizeram algum exame para saber se estavam infectadas com o Coronavírus;0.0;0.0;48.0;48.8;48.2;47.9;47.1;%
13.4.2;Mulher;;;205;286;338;392;472;pessoas
13.4.2.1;Percentual em relação à população;0.0;0.0;4.1;5.7;6.8;7.9;9.5;%
13.4.2.2;Percentual em relação à população que fizeram algum exame para saber se estavam infectadas com o Coronavírus;0.0;0.0;52.0;51.2;51.8;52.1;52.9;%
13.5;Cor ou raça;;;;;;;;
13.5.1;Branca;;;156;218;248;280;346;pessoas
13.5.1.1;Percentual em relação à população;0.0;0.0;4.9;6.7;7.6;8.7;10.5;%
13.5.1.2;Percentual em relação à população que fizeram algum exame para saber se estavam infectadas com o Coronavírus;0.0;0.0;39.6;39.1;37.9;37.2;38.8;%
13.5.2;Preta ou parda;;;231;335;400;465;533;pessoas
13.5.2.1;Percentual em relação à população;0.0;0.0;3.7;5.4;6.4;7.4;8.6;%
13.5.2.2;Percentual em relação à população que fizeram algum exame para saber se estavam infectadas com o Coronavírus;0.0;0.0;58.6;60.0;61.1;61.8;59.8;%
13.6;Grupos de idades;;;;;;;;
13.6.1;0 a 59 anos de idade;;;349;483;568;650;764;pessoas
13.6.1.1;Percentual em relação à população;0.0;0.0;4.2;5.8;6.8;7.8;9.2;%
13.6.1.2;Percentual em relação à população que fizeram algum exame para saber se estavam infectadas com o Coronavírus;0.0;0.0;88.6;86.6;86.9;86.4;85.6;%
13.6.1.3;0 a 9 anos de idade;;;10;20;25;35;41;pessoas
13.6.1.3.1;Percentual em relação à população;0.0;0.0;0.7;1.4;1.8;2.6;3.0;%
13.6.1.3.2;Percentual em relação à população que fizeram algum exame para saber se estavam infectadas com o Coronavírus;0.0;0.0;2.5;3.6;3.8;4.7;4.6;%
13.6.1.4;10 a 19 anos de idade;;;29;45;46;57;75;pessoas
13.6.1.4.1;Percentual em relação à população;0.0;0.0;1.9;3.0;3.1;3.8;5.0;%
13.6.1.4.2;Percentual em relação à população que fizeram algum exame para saber se estavam infectadas com o Coronavírus;0.0;0.0;7.4;8.0;7.1;7.6;8.4;%
13.6.1.5;20 a 29 anos de idade;;;68;94;114;127;149;pessoas
13.6.1.5.1;Percentual em relação à população;0.0;0.0;4.3;6.0;7.2;8.0;9.4;%
13.6.1.5.2;Percentual em relação à população que fizeram algum exame para saber se estavam infectadas com o Coronavírus;0.0;0.0;17.3;16.9;17.4;16.8;16.7;%
13.6.1.6;30 a 59 anos de idade;;;242;324;382;432;499;pessoas
13.6.1.6.1;Percentual em relação à população;0.0;0.0;6.3;8.4;9.9;11.2;12.9;%
13.6.1.6.2;Percentual em relação à população que fizeram algum exame para saber se estavam infectadas com o Coronavírus;0.0;0.0;61.4;58.1;58.5;57.3;56.0;%
13.6.2;60 anos ou mais de idade;;;45;75;86;103;128;pessoas
13.6.2.1;Percentual em relação à população;0.0;0.0;3.6;6.0;6.8;8.2;10.2;%
13.6.2.2;Percentual em relação à população que fizeram algum exame para saber se estavam infectadas com o Coronavírus;0.0;0.0;11.4;13.4;13.1;13.6;14.4;%
13.7;Nível de instrução;;;;;;;;
13.7.1;Sem instrução ao fundamental incompleto;;;91;125;148;186;235;pessoas
13.7.1.1;Percentual em relação à população;0.0;0.0;2.1;2.9;3.4;4.3;5.4;%
13.7.1.2;Percentual em relação à população que fizeram algum exame para saber se estavam infectadas com o Coronavírus;0.0;0.0;23.1;22.4;22.7;24.7;26.3;%
13.7.2;Fundamental completo ao médio incompleto;;;41;74;76;90;113;pessoas
13.7.2.1;Percentual em relação à população;0.0;0.0;3.0;5.3;5.4;6.4;7.8;%
13.7.2.2;Percentual em relação à população que fizeram algum exame para saber se estavam infectadas com o Coronavírus;0.0;0.0;10.5;13.3;11.6;12.0;12.7;%
13.7.3;Médio completo ao superior incompleto;;;140;184;227;255;295;pessoas
13.7.3.1;Percentual em relação à população;0.0;0.0;5.1;6.7;8.2;9.2;10.7;%
13.7.3.2;Percentual em relação à população que fizeram algum exame para saber se estavam infectadas com o Coronavírus;0.0;0.0;35.4;33.0;34.7;33.9;33.0;%
13.7.4;Superior completo ou pós-graduação;;;122;175;203;222;250;pessoas
13.7.4.1;Percentual em relação à população;0.0;0.0;11.5;16.8;19.6;21.7;24.6;%
13.7.4.2;Percentual em relação à população que fizeram algum exame para saber se estavam infectadas com o Coronavírus;0.0;0.0;31.0;31.3;31.0;29.4;28.0;%
13.8;Rendimento real domiciliar per capita efetivamente recebido ;;;;;;;;
13.8.1;Menos de 1/2 salário mínimo;;;76;91;115;169;198;pessoas
13.8.1.1;Percentual em relação à população;0.0;0.0;2.4;2.9;3.7;4.5;5.0;%
13.8.1.2;Percentual em relação à população que fizeram algum exame para saber se estavam infectadas com o Coronavírus;0.0;0.0;19.4;16.4;17.6;22.4;22.2;%
13.8.2;1/2 a menos de 1 salário mínimo ;;;125;181;200;201;241;pessoas
13.8.2.1;Percentual em relação à população;0.0;0.0;3.3;4.8;5.4;6.2;7.7;%
13.8.2.2;Percentual em relação à população que fizeram algum exame para saber se estavam infectadas com o Coronavírus;0.0;0.0;31.7;32.5;30.7;26.7;27.0;%
13.8.3;1 a menos de 2 salários mínimos;;;100;163;192;213;266;pessoas
13.8.3.1;Percentual em relação à população;0.0;0.0;5.4;8.6;9.8;11.6;15.0;%
13.8.3.2;Percentual em relação à população que fizeram algum exame para saber se estavam infectadas com o Coronavírus;0.0;0.0;25.4;29.3;29.3;28.2;29.8;%
13.8.4;2 a menos de 4 salários mínimos;;;53;73;85;109;112;pessoas
13.8.4.1;Percentual em relação à população;0.0;0.0;9.8;14.2;16.2;21.0;24.0;%
13.8.4.2;Percentual em relação à população que fizeram algum exame para saber se estavam infectadas com o Coronavírus;0.0;0.0;13.6;13.1;13.1;14.5;12.6;%
13.8.5;4 ou mais salários mínimos;;;39;49;61;61;75;pessoas
13.8.5.1;Percentual em relação à população;0.0;0.0;18.2;21.1;26.6;27.1;29.6;%
13.8.5.2;Percentual em relação à população que fizeram algum exame para saber se estavam infectadas com o Coronavírus;0.0;0.0;9.9;8.7;9.4;8.1;8.4;%
14;Pessoas com diagnóstico médico de alguma comorbidade;;;1974;1838;1895;1912;1915;pessoas
14.1;Percentual em relação à população;0.0;0.0;20.6;19.2;19.8;20.0;20.0;%
14.2;Tipo de comorbidade;;;;;;;;
14.2.1;Diabetes;;;469;441;462;457;461;pessoas
14.2.1.1;Percentual em relação à população;0.0;0.0;4.9;4.6;4.8;4.8;4.8;%
14.2.2;Hipertensão;;;1231;1198;1246;1258;1254;pessoas
14.2.2.1;Percentual em relação à população;0.0;0.0;12.9;12.5;13.0;13.1;13.1;%
14.2.3;Asma/Bronquite/Enfisema/Doença respiratória crônica ou outra doença do pulmão ;;;426;349;355;361;359;pessoas
14.2.3.1;Percentual em relação à população;0.0;0.0;4.5;3.6;3.7;3.8;3.7;%
14.2.4;Doença(s) do coração;;;203;159;170;168;168;pessoas
14.2.4.1;Percentual em relação à população;0.0;0.0;2.1;1.7;1.8;1.8;1.7;%
14.2.5;Depressão;;;207;183;189;189;196;pessoas
14.2.5.1;Percentual em relação à população;0.0;0.0;2.2;1.9;2.0;2.0;2.1;%
14.2.6;Câncer;;;67;63;64;65;68;pessoas
14.2.6.1;Percentual em relação à população;0.0;0.0;0.7;0.7;0.7;0.7;0.7;%
14.3;Sexo;;;;;;;;
14.3.1;Homem;;;810;754;772;785;784;pessoas
14.3.1.1;Percentual em relação à população;0.0;0.0;17.7;16.4;16.8;17.1;17.1;%
14.3.2;Mulher;;;1164;1084;1122;1127;1131;pessoas
14.3.2.1;Percentual em relação à população;0.0;0.0;23.4;21.8;22.6;22.6;22.7;%
14.4;Cor ou raça;;;;;;;;
14.4.1;Branca;;;664;627;643;642;657;pessoas
14.4.1.1;Percentual em relação à população;0.0;0.0;20.6;19.2;19.7;19.9;20.0;%
14.4.2;Preta ou parda;;;1289;1190;1232;1252;1238;pessoas
14.4.2.1;Percentual em relação à população;0.0;0.0;20.7;19.2;19.8;20.0;20.0;%
14.5;Grupos de idades;;;;;;;;
14.5.1;0 a 59 anos de idade;;;1245;1132;1177;1183;1179;pessoas
14.5.1.1;Percentual em relação à população;0.0;0.0;15.0;13.6;14.1;14.2;14.2;%
14.5.1.2;0 a 9 anos de idade;;;71;74;71;74;73;pessoas
14.5.1.2.1;Percentual em relação à população;0.0;0.0;5.1;5.4;5.1;5.4;5.3;%
14.5.1.3;10 a 19 anos de idade;;;99;94;96;94;99;pessoas
14.5.1.3.1;Percentual em relação à população;0.0;0.0;6.6;6.3;6.5;6.3;6.6;%
14.5.1.4;20 a 29 anos de idade;;;149;107;109;113;112;pessoas
14.5.1.4.1;Percentual em relação à população;0.0;0.0;9.4;6.8;6.9;7.1;7.1;%
14.5.1.5;30 a 59 anos de idade;;;926;856;900;902;896;pessoas
14.5.1.5.1;Percentual em relação à população;0.0;0.0;24.1;22.2;23.3;23.4;23.2;%
14.5.2;60 anos ou mais de idade;;;729;707;718;728;736;pessoas
14.5.2.1;Percentual em relação à população;0.0;0.0;58.5;56.5;57.3;57.9;58.4;%
14.6;Nível de instrução;;;;;;;;
14.6.1;Sem instrução ao fundamental incompleto;;;925;872;899;905;914;pessoas
14.6.1.1;Percentual em relação à população;0.0;0.0;21.2;20.0;20.6;20.7;20.9;%
14.6.2;Fundamental completo ao médio incompleto;;;275;250;256;267;267;pessoas
14.6.2.1;Percentual em relação à população;0.0;0.0;19.7;17.9;18.4;18.8;18.5;%
14.6.3;Médio completo ao superior incompleto;;;498;467;481;491;484;pessoas
14.6.3.1;Percentual em relação à população;0.0;0.0;18.1;16.9;17.3;17.7;17.6;%
14.6.4;Superior completo ou pós-graduação;;;276;249;258;250;250;pessoas
14.6.4.1;Percentual em relação à população;0.0;0.0;26.1;23.9;25.0;24.5;24.6;%
14.7;Status do resultado do exame (Para aquelas que fizeram algum exame para saber se estavam infectadas com o Coronavírus);;;;;;;;
14.7.1;Positivo;;;32;38;37;42;52;pessoas
14.7.1.1;Percentual em relação à população com diagnóstico médico de alguma comorbidade;0.0;0.0;1.6;2.0;2.0;2.2;2.7;%
14.7.1.2;Sexo;;;;;;;;
14.7.1.2.1;Homem;;;11;14;14;20;21;pessoas
14.7.1.2.1.1;Percentual em relação à população com diagnóstico médico de alguma comorbidade;0.0;0.0;1.3;1.9;1.9;2.5;2.7;%
14.7.1.2.2;Mulher;;;21;24;23;22;30;pessoas
14.7.1.2.2.1;Percentual em relação à população com diagnóstico médico de alguma comorbidade;0.0;0.0;1.8;2.2;2.0;2.0;2.7;%
14.7.1.3;Cor ou raça;;;;;;;;
14.7.1.3.1;Branca;;;12;12;10;12;19;pessoas
14.7.1.3.1.1;Percentual em relação à população com diagnóstico médico de alguma comorbidade;0.0;0.0;1.8;1.9;1.5;1.9;2.9;%
14.7.1.3.2;Preta ou parda;;;19;23;26;28;31;pessoas
14.7.1.3.2.1;Percentual em relação à população com diagnóstico médico de alguma comorbidade;0.0;0.0;1.5;1.9;2.1;2.2;2.5;%
14.7.1.4;Grupos de idades;;;;;;;;
14.7.1.4.1;0 a 59 anos de idade;;;22;28;29;32;40;pessoas
14.7.1.4.1.1;Percentual em relação à população com diagnóstico médico de alguma comorbidade;0.0;0.0;1.8;2.5;2.5;2.7;3.4;%
14.7.1.4.2;60 anos ou mais de idade;;;9;10;8;10;12;pessoas
14.7.1.4.2.1;Percentual em relação à população com diagnóstico médico de alguma comorbidade;0.0;0.0;1.3;1.4;1.1;1.4;1.6;%
14.7.1.5;Nível de instrução;;;;;;;;
14.7.1.5.1;Sem instrução ao fundamental incompleto;;;7;8;6;9;15;pessoas
14.7.1.5.1.1;Percentual em relação à população com diagnóstico médico de alguma comorbidade;0.0;0.0;0.8;0.9;0.7;1.0;1.6;%
14.7.1.5.2;Fundamental completo ao médio incompleto;;;5;6;8;7;6;pessoas
14.7.1.5.2.1;Percentual em relação à população com diagnóstico médico de alguma comorbidade;0.0;0.0;1.6;2.3;3.0;2.6;2.1;%
14.7.1.5.3;Médio completo ao superior incompleto;;;11;15;14;14;15;pessoas
14.7.1.5.3.1;Percentual em relação à população com diagnóstico médico de alguma comorbidade;0.0;0.0;2.3;3.1;3.0;2.9;3.2;%
14.7.1.5.4;Superior completo ou pós-graduação;;;8;9;9;13;16;pessoas
14.7.1.5.4.1;Percentual em relação à população com diagnóstico médico de alguma comorbidade;0.0;0.0;3.1;3.8;3.4;5.0;6.3;%



